Business Name,Reviews of Shop,Location of Shop,Business Category,Owner Name,Owner Contact
Bonanza Men's Salon,4.6,"Roadrace Course Race Course Road, Rajkot",barber,Amit Gajjar,7005769328
RD Salon & Academy,4.7,"Street-4 Africa Colony, Rajkot",barber,Bhavin Desai,7998618344
Yk Creation Gentleman Barber Shop,4.1,"Vaswani Road University Road, Rajkot",barber,Rupal Joshi,7410137880
AB salon,4.8,"Ft 150 Feet Ring Road, Rajkot",barber,Nirali Patel,9351893985
Bombay Hair Art,3.7,"Kalavad Road, Rajkot",barber,Kishan Desai,8452003425
Modern The Barber Shop,4.3,"Bhanu Petrol Pump Green City, Jamnagar",barber,Darshil Mehta,7530252683
Melena The Barber Shop,3.5,"Road Saru Section Road, Jamnagar",barber,Kinjal Patel,7791702487
Infinity Unisex Salon,4.4,"Ground Road Saru Section Road, Jamnagar",barber,Rupali Desai,9307032032
Barber Shop Salon,5,"Rampara, Rajkot",barber,Vishal Shah,9232811044
P.N. hair parlour,5,"Patel Chowk Vanthali, Junagadh",barber,Rupali Desai,7828797541
Neelam Distributors,2.6,"Subhash Chowk, Rajkot",barber,Hiral Patel,7547242645
AB salon,4.8,"Ft 150 Feet Ring Road, Rajkot",barber,Tanu Desai,7834225618
Bombay Hair Art,3.7,"Kalavad Road, Rajkot",barber,Suryan Patel,9487555395
Modern The Barber Shop,4.3,"Bhanu Petrol Pump Green City, Jamnagar",barber,Chandresh Patel,7470483464
Melena The Barber Shop,3.5,"Road Saru Section Road, Jamnagar",barber,Harshil Shah,8486842002
Infinity Unisex Salon,4.4,"Ground Road Saru Section Road, Jamnagar",barber,Kamini Shah,7794122114
Barber Shop Salon,5,"Haridarshan, Rajkot",barber,Sandeep Gajjar,7977297502
P.N. hair parlour,5,"Patel Chowk Vanthali, Junagadh",barber,Hiral Patel,8164610611
Adams The Barbers Shop,4.5,"Panch Hatdi, Porbandar",barber,Rupal Joshi,9529754709
Vishal Hair Art,4.5,"Mangrol Junagadh, Mangrol",barber,Rupal Gajjar,7840843329
Shivanjali Wellness,4.4,"Jewel Circle, Bhavnagar",barber,Parth Joshi,9789711445
Shyam The Barber Life,4.6,"Swamiji Sheri, Mandvi",barber,Smit Shah,9385750191
Vip Mens Hair Saloon,4.8,"Dholka Ahmedabad Gujarat Dholka, Dholka",barber,Hiral Patel,7087850423
Fab Salons,4.3,"South Bopal, Ahmedabad",barber,Kavita Patel,9951939304
ZK Professional Salon,4.8,"Anand Ashram Road Sarkhej, Ahmedabad",barber,Priya Joshi,9566081567
Ambica Hair And Care,4.1,"Bopal Main Road Bopal, Ahmedabad",barber,Pratik Desai,7968942813
Masum Hair Style,4.8,"Juhapura Road Sarkhej Road, Ahmedabad",barber,Sonali Patel,9840462143
Monarch Hair Studio & Hair Fixing,3.7,"Ramdevnager Satellite, Ahmedabad",barber,Maya Shah,8161528791
Jayshree Enterprises,1.7,"Bavla Road, Rajkot",barber,Dinesh Gajjar,7230665959
Adams The Barbers Shop,4.5,"Panch Hatdi, Porbandar",barber,Anupama Joshi,9422702883
Vishal Hair Art,4.5,"Mangrol Junagadh, Mangrol",barber,Milan Shah,7664696835
Shivanjali Wellness,4.4,"Jewel Circle, Bhavnagar",barber,Vineeta Patel,7254626604
Shyam The Barber Life,4.6,"Swamiji Sheri, Mandvi",barber,Nirali Mehta,8260902885
Vip Mens Hair Saloon,4.8,"Dholka Ahmedabad Gujarat Dholka, Dholka",barber,Ravi Bhagat,9349845171
Fab Salons,4.3,"South Bopal, Ahmedabad",barber,Bhavin Desai,7399338533
ZK Professional Salon,4.8,"Anand Ashram Road Sarkhej, Ahmedabad",barber,Tushar Gajjar,9764320061
Ambica Hair And Care,4.1,"Bopal Main Road Bopal, Ahmedabad",barber,Rakesh Kumar,7434176697
Masum Hair Style,4.8,"Juhapura Road Sarkhej Road, Ahmedabad",barber,Yash Joshi,8670288034
Monarch Hair Studio & Hair Fixing,3.7,"Ramdevnager Satellite, Ahmedabad",barber,Viral Patel,8964935519
Lakme Salon,4.8,"Near Bhagban Cross Road Thaltej, Ahmedabad",barber,Bhavesh Shah,7472546854
Mr Kasim,3.5,"Sindhu Bhavan Thaltej, Ahmedabad",barber,Parul Shah,9030226061
Lofiel Unisex Salon,4.1,"Ramdevnagar Road Satellite, Ahmedabad",barber,Pinal Patel,9041732883
TIP & TOE ( TNT INSTITUTE ),4.7,"Anand Nagar-prahladnagar, Ahmedabad",barber,Savi Shah,7173872391
Impressions The Unisex Salon,4.4,"Judges Bunglow Road Bodakdev, Ahmedabad",barber,Tejal Patel,9322685389
Le Atmos Salon,4.6,"Bodakdev, Ahmedabad",barber,Rupal Shah,9559971001
Looks Salon (Nexus Ahmedabad One),4.1,"Vastrapur Lake Road Vastrapur, Ahmedabad",barber,Ketan Shah,8013521163
New Apsara Hair Art,4.4,"Science City Road Sola, Ahmedabad",barber,Deepa Mehta,9095529762
A One Hair Style,3.7,"Fire Station Road Memnagar, Ahmedabad",barber,Tanu Patel,9912860490
Monopole salon & Hair Replacement Centre,4,"Ravi Nagar, Rajkot",barber,Ketan Patel,8100306195
Mr Kasim,3.5,"Sindhu Bhavan Thaltej, Ahmedabad",barber,Manju Mehta,8466304180
Lofiel Unisex Salon,4.1,"Ramdevnagar Road Satellite, Ahmedabad",barber,Ketan Patel,7693331759
TIP & TOE ( TNT INSTITUTE ),4.7,"Anand Nagar-prahladnagar, Ahmedabad",barber,Rupal Joshi,9121380520
Impressions The Unisex Salon,4.4,"Judges Bunglow Road Bodakdev, Ahmedabad",barber,Dinesh Desai,9259032260
Le Atmos Salon,4.6,"Bodakdev, Ahmedabad",barber,Neha Patel,9293460802
Looks Salon (Nexus Ahmedabad One),4.1,"Vastrapur Lake Road Vastrapur, Ahmedabad",barber,Komal Patel,7092546682
New Apsara Hair Art,4.4,"Science City Road Sola, Ahmedabad",barber,Chinmay Patel,7888959525
A One Hair Style,3.7,"Fire Station Road Memnagar, Ahmedabad",barber,Jinal Patel,9653155365
Monopole salon & Hair Replacement Centre,4,"Vijay Plot, Rajkot",barber,Disha Shah,7027860400
King's Hair Salon,4.8,"Vandematram Road Gota, Ahmedabad",barber,Nirali Mehta,9398334245
Easy Hair Services,4.9,"Opp: Pramukh Bungalows New Ranip, Ahmedabad",barber,Payal Desai,7891105849
IN Style -UNISEX Hair Salon,5,"Ranip, Ahmedabad",barber,Chetan Joshi,8884184872
My A One Unisex Salon,4.8,"Tragad Road Chandkheda, Ahmedabad",barber,Bharat Mehta,8715786280
Millennium Barber Shop,4.8,"Near Parikh Hospital Nikol Gam, Ahmedabad",barber,Smit Shah,9668276997
Jawed Habbib Hair & Beauty,4.2,"School Road Kudasan, Gandhinagar-Gujarat",barber,Sejal Joshi,8128116236
The Barber Shop,4.4,"Amod, Bharuch",barber,Manju Mehta,8071945917
Decent Look Barbershop Unisex Salon,4.8,"UPL Colony Ashutosh Society 2, Bharuch",barber,Aarti Shah,7510455739
JD Family Salon,5,"Jahangirpura Dandi Road Rander, Surat",barber,Bharat Mehta,9479280771
Style The Ultimate Makeover (Gaurav Path Road),3.3,"Gaurav Path Road Adajan Dn, Surat",barber,Neha Patel,8189470748
My A One Unisex Salon,4.8,"Tragad Road Chandkheda, Ahmedabad",barber,Anjali Desai,8616781209
Millennium Barber Shop,4.8,"Near Parikh Hospital Nikol Gam, Ahmedabad",barber,Manju Joshi,7816725473
Jawed Habbib Hair & Beauty,4.2,"School Road Kudasan, Gandhinagar-Gujarat",barber,Ravi Patel,8625670675
The Barber Shop,4.4,"Amod, Bharuch",barber,Aarti Shah,9268384714
Decent Look Barbershop Unisex Salon,4.8,"UPL Colony Ashutosh Society 2, Bharuch",barber,Mehul Desai,9195267082
JD Family Salon,5,"Jahangirpura Dandi Road Rander, Surat",barber,Ravi Joshi,8843221280
Style The Ultimate Makeover (Gaurav Path Road),3.3,"Gaurav Path Road Adajan Dn, Surat",barber,Priya Joshi,8378311559
Weston Look,4.5,"Ugat Road Palanpur Patia, Surat",barber,Hiral Desai,8111411253
Heritage Salon,4.5,"Canal Road Palanpur Jakat Naka, Surat",barber,Nirav Gajjar,7207396040
Newme Unisex Salon,4.9,"L P Savani Road Adajan Road, Surat",barber,Rakesh Kumar,7493175434
Professional Barber,4.5,"Visnagar Ho, Visnagar",barber,Yash Gajjar,7675650407
Us Saloon (Unisex Saloon),4.9,"Rander Bus Stop Rander, Surat",barber,Milan Shah,9847381407
The Makeover Place Unisex Salon,4.5,"Near Pal Gam Circle Pal Gam, Surat",barber,Hiral Desai,8774975620
Hair Story Unisex Salon,4.7,"Honey Park Road Adajan Dn, Surat",barber,Naman Joshi,7656815991
K7 Unisex Salon,3.7,"Behind Rajhans Cinema Adajan Dn, Surat",barber,Savi Shah,7121183705
Supafly - Salon. Spa. Bridal.,4.8,"Piplod Dumas Road Dumas Road, Surat",barber,Nayan Patel,8604574995
Studio Max Unisex Salon,4.7,"L P Savani Road Adajan Road, Surat",barber,Aarti Shah,7556262258
Weston Look,4.5,"Ugat Road Palanpur Patia, Surat",barber,Bina Shah,9483678629
Heritage Salon,4.5,"Canal Road Palanpur Jakat Naka, Surat",barber,Bharat Mehta,8294176159
Newme Unisex Salon,4.9,"L P Savani Road Adajan Road, Surat",barber,Jinal Patel,7313565397
Professional Barber,4.5,"Visnagar Ho, Visnagar",barber,Nirav Patel,9899949985
Us Saloon (Unisex Saloon),4.9,"Rander Bus Stop Rander, Surat",barber,Himani Desai,8179958397
The Makeover Place Unisex Salon,4.5,"Near Pal Gam Circle Pal Gam, Surat",barber,Sumati Patel,7089124857
Hair Story Unisex Salon,4.7,"Honey Park Road Adajan Dn, Surat",barber,Vidhi Shah,9840801102
K7 Unisex Salon,3.7,"Behind Rajhans Cinema Adajan Dn, Surat",barber,Rupal Gajjar,8284762774
Supafly - Salon. Spa. Bridal.,4.8,"Piplod Dumas Road Dumas Road, Surat",barber,Manju Mehta,9080111278
Studio Max Unisex Salon,4.7,"L P Savani Road Adajan Road, Surat",barber,Nirav Patel,9258485002
My Salon Mens,4.6,"Ramnagar Char Rasta Rander Road, Surat",barber,Vineeta Patel,7800660416
Chamunda Raj Hair Art,4.4,"Tadwadi Main Road Rander Road, Surat",barber,Vandana Patel,7165698809
Romeo Hair Style,4.8,"Gas Company Road Adajan Dn, Surat",barber,Hardik Joshi,9288936806
Mr. M.V. Unisex Salon,5,"Adajan Dargah Road Adajan Road, Surat",barber,Parth Patel,9136456180
Oberoy Hairstyle,5,"Vihar Society Katargam, Surat",barber,Chinmay Patel,9954123394
Hair Craft Unisex Salon,5,"Vesu Road Vesu, Surat",barber,Hardik Joshi,8605978526
Exotic Beauty Network Unisex Salon,4.7,"Vip Road Vesu, Surat",barber,Mithil Patel,9532673823
Nilex Unisex Salon,4.9,"Vip Road Vesu, Surat",barber,Madhur Shah,8574780971
Crown Family Salon,4.9,"Athwa Lines Parle Point, Surat",barber,Jai Joshi,8541133469
The Clippers Hair & Beauty Salon,5,"Opposite Someshwar Enclave Vesu, Surat",barber,Sonal Shah,9507466912
Romeo Hair Style,4.8,"Gas Company Road Adajan Dn, Surat",barber,Milan Shah,7683553097
Mr. M.V. Unisex Salon,5,"Adajan Dargah Road Adajan Road, Surat",barber,Ravi Patel,7053121297
Oberoy Hairstyle,5,"Vihar Society Katargam, Surat",barber,Kishan Desai,8074633168
Hair Craft Unisex Salon,5,"Vesu Road Vesu, Surat",barber,Anupama Joshi,8317250611
Exotic Beauty Network Unisex Salon,4.7,"Vip Road Vesu, Surat",barber,Madhuri Patel,8017637871
Nilex Unisex Salon,4.9,"Vip Road Vesu, Surat",barber,Amitbhai Joshi,8125440176
Crown Family Salon,4.9,"Athwa Lines Parle Point, Surat",barber,Hardik Joshi,9782396913
The Clippers Hair & Beauty Salon,5,"Opposite Someshwar Enclave Vesu, Surat",barber,Hitesh Shah,7760997547
Move Onn The Salon,4.5,"Jani Farsan Lane Citylight Road, Surat",barber,Manish Patel,8524485461
Alishan Hair Art,4.6,"Aarogya Kendra Road Katargam, Surat",barber,Rupali Desai,7846480670
THE SALON VESU,5,"Vesu Abhwa Road Vesu, Surat",barber,Dinesh Gajjar,9940822210
Sharma Cutz Salon,4.8,"Gotri Road Gotri, Vadodara",barber,Bhavesh Shah,9732957007
Signature Unisex Salon,4.8,"Light Main Road Citylight Road, Surat",barber,Nisha Mehta,7900291010
Black Scissor The Unisex Salon,2.8,"Nanavat Main Road Nanavat, Surat",barber,Kanak Gajjar,8239149631
Hair Creation Salon,4.9,"Union Square Lane Ghoddod Road, Surat",barber,Divya Joshi,7900832393
Mirror Unisex Salon,4.5,"Ghoddod Road, Surat",barber,Pooja Shah,8473152747
Cos Metica Beauty parlour,4.4,"Bhatar Road, Surat",barber,Payal Patel,8055543815
Hair Look Salon,5,"Vesu Canal Road Vesu, Surat",barber,Rupal Joshi,8834618124
Maruti Digital System,4.6,"Gujarat Housing Board, Rajkot",carpenter,Kalpesh Patel,7756832242
Viswakarma Furniture,4.8,"Rajput Para, Rajkot",carpenter,Ravi Patel,8797019405
Pyramid Solutions,4.4,"Ratanpar, Rajkot",carpenter,Alok Bhagat,8860732677
Furniture Repairing & Services,4,"Bhuj Mandir, Rajkot",carpenter,Jignesh Shah,9094015289
Vishal Mart,1.9,"Dhoraji Road, Rajkot",carpenter,Tejal Gajjar,7178190074
R V M Furniture,4.3,"Shiv Shakti Nagar, Rajkot",carpenter,Hardik Desai,8847291110
Om Furniture Works,4.5,"Kalavad Road, Rajkot",carpenter,Komal Patel,7438629918
A to Z Furnishing & Interior Solution,4.4,"Manek Chowk, Rajkot",carpenter,Niral Patel,9637841890
Dwarkesh Contractor,4.5,"Shivaji Park, Rajkot",carpenter,Nirav Patel,9193952973
Shree Bhagwati Interior,4.5,"Swastik Society, Rajkot",carpenter,Tushar Patel,9465425432
Royal Interior,4.3,"Himmat Nagar, Rajkot",carpenter,Madhavi Desai,9417925264
Parth Creations,2,"Shahibaug, Rajkot",carpenter,Yash Desai,7202125663
Furniture Repairing & Services,4,"Darshan Colony, Rajkot",carpenter,Rajesh Gajjar,9445205449
Dinesh Enterprises,4.7,"Krishna Nagar, Rajkot",carpenter,Jayshri Patel,8301490901
R V M Furniture,4.3,"Madhapar, Rajkot",carpenter,Smit Patel,9912293038
Om Furniture Works,4.5,"Swaminarayan Mandir, Rajkot",carpenter,Hiren Joshi,8043420986
A to Z Furnishing & Interior Solution,4.4,"Vinayak Nagar, Rajkot",carpenter,Neha Patel,9631809529
Dwarkesh Contractor,4.5,"Bansal Nagar, Rajkot",carpenter,Kamini Shah,7470054478
Shree Bhagwati Interior,4.5,"Shastri Nagar, Rajkot",carpenter,Nayan Patel,8403723703
Royal Interior,4.3,"Patel Colony, Rajkot",carpenter,Usha Patel,8779327408
Smit Distributors,4,"Moti Tanki Chowk, Rajkot",carpenter,Pinal Patel,7267485164
Shreenathji Enterprise,4.4,"Guru Nanak Road, Rajkot",carpenter,Tejal Shah,7471656691
Maan Industries,4.9,"Hanuman Tekri, Rajkot",carpenter,Dipali Patel,9691919260
Savan Interior,4,"Sardar Nagar, Rajkot",carpenter,Tejal Gajjar,7781154562
Super Home Services,4.4,"Meghani Nagar, Rajkot",carpenter,Maya Shah,8572738422
Shreeji Wooden Furniture,4.5,"Moti Rodi, Rajkot",carpenter,Manju Joshi,9272102065
Priyanshi Furniture,3.5,"GIDC, Rajkot",carpenter,Anjali Desai,8565552443
One Stop Solution,4.1,"Rangpar, Rajkot",carpenter,Sonali Patel,9175463468
Patel Home Services,4.1,"Khodiyar Nagar, Rajkot",carpenter,Kishan Desai,8512976533
Krita Exim Pvt Ltd,3.7,"Dharmani, Rajkot",carpenter,Ashok Kumar,9256247425
Kashyap Furniture,3.9,"Prajapati Vadi, Rajkot",carpenter,Sonal Shah,7476740248
Maan Industries,4.9,"Karanpara Bypass, Rajkot",carpenter,Bhavesh Shah,7490139731
Savan Interior,4,"Dholera, Rajkot",carpenter,Rashmi Patel,9406045669
Super Home Services,4.4,"Gohilwadi, Rajkot",carpenter,Rupali Desai,8925194248
Shreeji Wooden Furniture,4.5,"Ravipara, Rajkot",carpenter,Viren Patel,9826171254
Priyanshi Furniture,3.5,"Bhavani Chowk, Rajkot",carpenter,Yash Shah,8385180416
One Stop Solution,4.1,"Akhil Nagar, Rajkot",carpenter,Yash Desai,8099065167
Patel Home Services,4.1,"Rajkot, Gujarat, India",carpenter,Payal Patel,9826377936
Krita Exim Pvt Ltd,3.7,"Prerna Park, Rajkot",carpenter,Milan Shah,9406161228
Kashyap Furniture,3.9,"Narmada Nagar, Rajkot",carpenter,Harshita Patel,8623313285
Mr. Okay Home Services,4.4,"Janta Nagar, Rajkot",carpenter,Ankur Patel,8356059484
Shreeji Pvc Furniture,4.8,"Sadar Plot, Rajkot",carpenter,Chandni Gajjar,8910694226
Annexy Enterprise,4.9,"Sadar Bazar, Rajkot",carpenter,Hardik Desai,7071894505
Ajay Bhai Furniture,4.9,"Chandresh Nagar, Rajkot",carpenter,Anupama Joshi,8700804131
Antech Furniture,3.4,"Raiya Road, Rajkot",carpenter,Rashmi Patel,9170504571
Dream Home Interiors,4.8,"Suraj Nagar, Rajkot",carpenter,Ravi Gajjar,9789155562
Ganesh Furniture,3.3,"Karanpara, Rajkot",carpenter,Kiran Joshi,9441148096
Gajjar Furniture,4.8,"Badiyad, Rajkot",carpenter,Vidhi Patel,8094878847
Satyam Furniture,4.9,"Amba Baug, Rajkot",carpenter,Pradeep Patel,7719912459
Parishram Furniture,4.9,"Sangathala, Rajkot",carpenter,Maya Joshi,7997962274
Ajay Bhai Furniture,4.9,"Lal Par, Rajkot, Gujarat",carpenter,Komal Joshi,7280107766
Antech Furniture,3.4,"Kankot Road, Rajkot",carpenter,Rupal Desai,8895560618
Dream Home Interiors,4.8,"Makrand Nagar, Rajkot",carpenter,Chetan Joshi,9174894360
Ganesh Furniture,3.3,"Vikram Nagar, Rajkot",carpenter,Ravi Patel,7830252516
Gajjar Furniture,4.8,"Jalaram Nagar, Rajkot",carpenter,Rupal Desai,8590156812
Satyam Furniture,4.9,"Shiv Nagar, Rajkot",carpenter,Manju Mehta,8403919809
Parishram Furniture,4.9,"New Kankot, Rajkot",carpenter,Viren Gajjar,9393906077
Beyond Service,4.3,"Gokulnagar, Rajkot",carpenter,Bina Shah,7866997093
Naresh Carpenter,4.2,"Bhaktinagar, Rajkot",carpenter,Dinesh Shah,9501121392
Netra Interior Works,4.9,"Navjivan Society, Rajkot",carpenter,Nisha Shah,8790785489
Maan Industries,4.9,"Varachha Road, Rajkot",carpenter,Pooja Gajjar,7350489864
Nimitt Sofa,4.7,"Dharmani Para, Rajkot",carpenter,Bharat Mehta,7241943738
Radhika Furniture,4.5,"Sunder Nagar, Rajkot",carpenter,Ami Desai,9372219845
Konzept Modular Kitchen,4.7,"Bajrang Wadi, Rajkot",carpenter,Viren Patel,9838592620
Beriyay Pvc Furniture,4.8,"Bazar Mandi, Rajkot",carpenter,Parth Gajjar,8954509723
Hardik Wood Works,4.9,"Madhavpura, Rajkot",carpenter,Chetan Joshi,9507234147
Yellowood - Interior Turnkey Projects,4.9,"Sahasra Ghat, Rajkot",carpenter,Jayshree Mehta,7998321218
Beyond Service,4.3,"Jetpur Road, Rajkot",carpenter,Manju Joshi,8676942213
Naresh Carpenter,4.2,"Sadar Market, Rajkot",carpenter,Snehal Patel,8202757023
Netra Interior Works,4.9,"Udyog Nagar, Rajkot",carpenter,Vidhi Patel,7361511413
Maan Industries,4.9,"Bhadran Road, Rajkot",carpenter,Sumati Patel,7530847814
Nimitt Sofa,4.7,"Shreeji Nagar, Rajkot",carpenter,Bina Shah,8958006054
Radhika Furniture,4.5,"Bhayavadar, Rajkot",carpenter,Rupal Desai,7316775371
Konzept Modular Kitchen,4.7,"Hari Nagar, Rajkot",carpenter,Hardik Desai,8665552110
Beriyay Pvc Furniture,4.8,"Aji Dam Road, Rajkot",carpenter,Viraj Shah,7369546438
Hardik Wood Works,4.9,"Indraprasth, Rajkot",carpenter,Kanak Desai,7935658390
Yellowood - Interior Turnkey Projects,4.9,"New Rajendra Park, Rajkot",carpenter,Smit Shah,8741698061
Meera Furniture Work,4.9,"Shivendra, Rajkot",carpenter,Tina Patel,9084703514
Wercosa Furniture,4.5,"Gandhinagar, Rajkot",carpenter,Mitali Desai,7627062994
Furniture Wale,4.8,"Yogi Nagar, Rajkot",carpenter,Jinal Patel,7944604414
B J K Interior Design Studio & Turnkey Solutions,4.8,"Vasant Vihar, Rajkot",carpenter,Pranav Patel,7406829924
Somnath Furniture,4.5,"Shapar, Rajkot",carpenter,Amit Gajjar,7594572059
Patel Steel Furniture Works,4.8,"Ashok Nagar, Rajkot",carpenter,Ketan Shah,8484948366
Avani Furnitures,4.9,"Suryanagar, Rajkot",carpenter,Ami Patel,8913075944
Nilkamal Furniture,4.3,"Bhayavadar Road, Rajkot",carpenter,Chetan Joshi,8696554363
Radha Krishna Industries,3.9,"Kotharia Road, Rajkot",carpenter,Bipin Joshi,8928526857
Fortuna Furniture Solution,4.7,"Vijay Vilas, Rajkot",carpenter,Ravi Bhagat,8530001258
Furniture Wale,4.8,"Kailash Nagar, Rajkot",carpenter,Niral Gajjar,8564847922
B J K Interior Design Studio & Turnkey Solutions,4.8,"Near Saurashtra University, Rajkot",carpenter,Tushar Patel,7130029111
Somnath Furniture,4.5,"Laxminagar, Rajkot",carpenter,Pinal Patel,8258173040
Patel Steel Furniture Works,4.8,"Mavdi, Rajkot",carpenter,Tina Patel,8456342348
Avani Furnitures,4.9,"Mangarol, Rajkot",carpenter,Ravi Patel,7032180798
Nilkamal Furniture,4.3,"Lohana Para, Rajkot",carpenter,Nirav Patel,9939498309
Radha Krishna Industries,3.9,"Jivraj Park, Rajkot",carpenter,Maya Joshi,8067064087
Fortuna Furniture Solution,4.7,"Soni Bazaar, Rajkot",carpenter,Vishal Shah,8838804346
Gopinath Timber Mart,4.7,"Roadrace Course Race Course Road, Rajkot",carpenter,Ketan Shah,8311617329
Pramukh Furniture,4.1,"Street-4 Africa Colony, Rajkot",carpenter,Asha Patel,7898791229
Raj Ratan Construction,4.8,"Vaswani Road University Road, Rajkot",carpenter,Rupal Shah,7841684056
Jjool Furniture,4.7,"Ft 150 Feet Ring Road, Rajkot",carpenter,Mitali Desai,7030772363
Temple Khazana,4.1,"Kalavad Road, Rajkot",carpenter,Yash Shah,8694232726
Ashirwad Turnkey Projects,4.5,"Bhanu Petrol Pump Green City, Jamnagar",carpenter,Sumati Patel,8344936992
Jasmin Pattern,4.5,"Road Saru Section Road, Jamnagar",carpenter,Vishal Patel,8599598273
Chamunda Funiture,3.6,"Ground Road Saru Section Road, Jamnagar",carpenter,Madhur Shah,7426302738
National Furniture,5,"Rampara, Rajkot",carpenter,Alok Shah,7311726116
Jai Kuldevi Maa Pvc Furniture,5,"Patel Chowk Vanthali, Junagadh",carpenter,Mithil Patel,7844311435
Avani Furnitures,4.9,"Subhash Chowk, Rajkot",carpenter,Nisha Shah,8474375202
Gopinath Timber Mart,4.7,"Ft 150 Feet Ring Road, Rajkot",carpenter,Parth Joshi,7918777451
Pramukh Furniture,4.1,"Kalavad Road, Rajkot",carpenter,Madhuri Patel,7943925535
Raj Ratan Construction,4.8,"Bhanu Petrol Pump Green City, Jamnagar",carpenter,Poojan Gajjar,7864447392
Jjool Furniture,4.7,"Road Saru Section Road, Jamnagar",carpenter,Hitesh Shah,8001182610
Temple Khazana,4.1,"Ground Road Saru Section Road, Jamnagar",carpenter,Krunal Patel,8535438527
Ashirwad Turnkey Projects,4.5,"Haridarshan, Rajkot",carpenter,Ankita Joshi,7787588567
Jasmin Pattern,4.5,"Patel Chowk Vanthali, Junagadh",carpenter,Chirag Joshi,8952840702
Chamunda Funiture,3.6,"Panch Hatdi, Porbandar",carpenter,Yash Desai,9075352864
National Furniture,5,"Mangrol Junagadh, Mangrol",carpenter,Rupal Desai,7061942400
Jai Kuldevi Maa Pvc Furniture,5,"Jewel Circle, Bhavnagar",carpenter,Krishna Desai,7394253719
Jitendra Sofa Studio,4.6,"Swamiji Sheri, Mandvi",carpenter,Nisha Mehta,8654473676
Mg Furniture & Aluminum,4.6,"Dholka Ahmedabad Gujarat Dholka, Dholka",carpenter,Ankita Joshi,8588175332
Shree Wood Art,4.6,"South Bopal, Ahmedabad",carpenter,Madhavi Shah,8927903098
Dipak Hardware,4.4,"Anand Ashram Road Sarkhej, Ahmedabad",carpenter,Mitali Desai,9617471354
R K Furniture,4.3,"Bopal Main Road Bopal, Ahmedabad",carpenter,Hiren Joshi,8973293793
Radhe Home Service,3.5,"Juhapura Road Sarkhej Road, Ahmedabad",carpenter,Jinal Gajjar,8619191915
Vaidik Furniture,4.8,"Ramdevnager Satellite, Ahmedabad",carpenter,Nirali Patel,9709086209
Radhika Furniture,4.8,"Bavla Road, Rajkot",carpenter,Vidhi Patel,8918828795
Agira,4.5,"Panch Hatdi, Porbandar",carpenter,Hiral Patel,7330376474
Balaji Furniture,5,"Mangrol Junagadh, Mangrol",carpenter,Chirag Joshi,9772057767
C N Electrical Solution,1.9,"Jewel Circle, Bhavnagar",electrician,Nisha Mehta,8376785665
Hex 24 Hours Electricians,3.7,"Swamiji Sheri, Mandvi",electrician,Tanu Patel,7335682073
Instant Electrician Service,1.5,"Dholka Ahmedabad Gujarat Dholka, Dholka",electrician,Yash Shah,7848690476
Satnam Electricals,4.4,"South Bopal, Ahmedabad",electrician,Manju Joshi,7851838844
Shree Traders,1,"Anand Ashram Road Sarkhej, Ahmedabad",electrician,Ravindra Patel,7066373764
Madhav Electricians,4.9,"Bopal Main Road Bopal, Ahmedabad",electrician,Hiren Joshi,8448458270
Pyramid Solutions,2.6,"Juhapura Road Sarkhej Road, Ahmedabad",electrician,Pooja Gajjar,8558896511
Khodal Electric Sales,1.6,"Ramdevnager Satellite, Ahmedabad",electrician,Tanu Desai,9812895037
Maruti Digital System,4.3,"Near Bhagban Cross Road Thaltej, Ahmedabad",electrician,Deepa Mehta,9333101214
Meet Electrical,1.9,"Sindhu Bhavan Thaltej, Ahmedabad",electrician,Manoj Patel,9948625641
Repairing Wale,2.9,"Ramdevnagar Road Satellite, Ahmedabad",electrician,Rupal Desai,7259060745
Ravi Industries,2.6,"Anand Nagar-prahladnagar, Ahmedabad",electrician,Rupali Desai,8020010171
Satnam Electricals,1.5,"Judges Bunglow Road Bodakdev, Ahmedabad",electrician,Manoj Patel,9368850817
Madhav Electricians,1.2,"Bodakdev, Ahmedabad",electrician,Rajvi Desai,7272235448
Pyramid Solutions,4.5,"Vastrapur Lake Road Vastrapur, Ahmedabad",electrician,Dinesh Desai,9698235082
Khodal Electric Sales,3,"Science City Road Sola, Ahmedabad",electrician,Jayesh Patel,9416421351
Maruti Digital System,2.8,"Fire Station Road Memnagar, Ahmedabad",electrician,Sangeeta Patel,9140047563
Meet Electrical,3.6,"Ravi Nagar, Rajkot",electrician,Yash Joshi,9407482197
Repairing Wale,4.9,"Sindhu Bhavan Thaltej, Ahmedabad",electrician,Manju Joshi,8886333955
Yash Distributors,3.5,"Ramdevnagar Road Satellite, Ahmedabad",electrician,Anjali Desai,7982012766
Shree Raj Enterprise,2.9,"Anand Nagar-prahladnagar, Ahmedabad",electrician,Vandana Patel,8436266774
Super Home Services,2.2,"Judges Bunglow Road Bodakdev, Ahmedabad",electrician,Jignesh Shah,8052157679
Electrician Rupesh Solanki,4.5,"Bodakdev, Ahmedabad",electrician,Vidhi Shah,9292630153
Plazma Energy,3.9,"Vastrapur Lake Road Vastrapur, Ahmedabad",electrician,Ami Desai,9690003969
Krushanm electric,1.1,"Science City Road Sola, Ahmedabad",electrician,Priya Joshi,7823840806
Crystal Light,4.7,"Fire Station Road Memnagar, Ahmedabad",electrician,Alpesh Patel,8863012106
Maan Industries,3.4,"Vijay Plot, Rajkot",electrician,Rajesh Mehta,9628979691
Jai Hind Fire Service,2.9,"Vandematram Road Gota, Ahmedabad",electrician,Yash Shah,9986421884
Ramdev Electric and Dth Service,1.8,"Opp: Pramukh Bungalows New Ranip, Ahmedabad",electrician,Parth Gajjar,9854365262
Patel Home Services,1.5,"Ranip, Ahmedabad",electrician,Jai Joshi,8470094798
Super Home Services,4.8,"Tragad Road Chandkheda, Ahmedabad",electrician,Hiral Desai,8272494106
Electrician Rupesh Solanki,1.8,"Near Parikh Hospital Nikol Gam, Ahmedabad",electrician,Amit Gajjar,7568270629
Plazma Energy,3.2,"School Road Kudasan, Gandhinagar-Gujarat",electrician,Dinesh Desai,7414029093
Krushanm electric,2.7,"Amod, Bharuch",electrician,Brahm Patel,8523695462
Crystal Light,2.2,"UPL Colony Ashutosh Society 2, Bharuch",electrician,Ravi Joshi,8587783266
Maan Industries,4.4,"Jahangirpura Dandi Road Rander, Surat",electrician,Hitesh Shah,9575764014
Jai Hind Fire Service,4,"Gaurav Path Road Adajan Dn, Surat",electrician,Rajesh Gajjar,7164076882
Ramdev Electric and Dth Service,3.4,"Tragad Road Chandkheda, Ahmedabad",electrician,Smit Shah,8123141149
Patel Home Services,4.4,"Near Parikh Hospital Nikol Gam, Ahmedabad",electrician,Chetan Joshi,8094424157
Maa Krupa Enterprise,4,"School Road Kudasan, Gandhinagar-Gujarat",electrician,Vandana Patel,7708498698
Krishna Electronic,2.2,"Amod, Bharuch",electrician,Amit Patel,8677125611
Spark Electric,4,"UPL Colony Ashutosh Society 2, Bharuch",electrician,Vishal Patel,7921919839
Shidharth Electric,1,"Jahangirpura Dandi Road Rander, Surat",electrician,Yash Gajjar,9162639419
V V P Electric Sales & Service,1.8,"Gaurav Path Road Adajan Dn, Surat",electrician,Kalpesh Patel,9173154260
Khodal Electric,2.2,"Ugat Road Palanpur Patia, Surat",electrician,Nashit Patel,8763456603
Maa Electric,3.6,"Canal Road Palanpur Jakat Naka, Surat",electrician,Bhavesh Shah,9677698711
Hetal Electricals,1.1,"L P Savani Road Adajan Road, Surat",electrician,Suryan Patel,9827762713
One Stop Solution,3.8,"Visnagar Ho, Visnagar",electrician,Chandresh Patel,8996149164
Electronic Rajkot,1.8,"Rander Bus Stop Rander, Surat",electrician,Sejal Joshi,8273351682
Shidharth Electric,2.3,"Near Pal Gam Circle Pal Gam, Surat",electrician,Yash Joshi,8945542315
V V P Electric Sales & Service,3.9,"Honey Park Road Adajan Dn, Surat",electrician,Dinesh Shah,7280592057
Khodal Electric,3.6,"Behind Rajhans Cinema Adajan Dn, Surat",electrician,Kritika Desai,8877921152
Maa Electric,1.3,"Piplod Dumas Road Dumas Road, Surat",electrician,Shital Joshi,8012089332
Hetal Electricals,3.8,"L P Savani Road Adajan Road, Surat",electrician,Alok Shah,7836814545
One Stop Solution,3.6,"Ugat Road Palanpur Patia, Surat",electrician,Kinjal Shah,8279282249
Electronic Rajkot,3.9,"Canal Road Palanpur Jakat Naka, Surat",electrician,Amitbhai Joshi,9019829668
Samrat Home Service,4.7,"L P Savani Road Adajan Road, Surat",electrician,Pooja Shah,7520438652
Maa Chamunda Electric & Electronic,4,"Visnagar Ho, Visnagar",electrician,Pradeep Patel,7601106490
Shree Pramukh Electricals,2,"Rander Bus Stop Rander, Surat",electrician,Nashit Shah,8193365370
Super Electric Co.,3.6,"Near Pal Gam Circle Pal Gam, Surat",electrician,Tanu Patel,9696318242
Patel Electricals Sales & Service,1.9,"Honey Park Road Adajan Dn, Surat",electrician,Rupal Patel,8614787647
Ganesh Electric & Light Decoration,4.9,"Behind Rajhans Cinema Adajan Dn, Surat",electrician,Dinesh Gajjar,8306248117
Maruti Lighting,2.6,"Piplod Dumas Road Dumas Road, Surat",electrician,Jinisha Patel,9392381270
Anant Engineering Corporation,1.7,"L P Savani Road Adajan Road, Surat",electrician,Parth Gajjar,9249963370
Mr. Okay Home Services,1.2,"Ramnagar Char Rasta Rander Road, Surat",electrician,Tanu Patel,8770359067
Ratnadeep Electricals,3.5,"Tadwadi Main Road Rander Road, Surat",electrician,Nisha Shah,7241360084
Samrat Home Service,3.1,"Gas Company Road Adajan Dn, Surat",electrician,Vishal Shah,8844546613
Maa Chamunda Electric & Electronic,3.6,"Adajan Dargah Road Adajan Road, Surat",electrician,Yash Gajjar,7205450910
Shree Pramukh Electricals,1.6,"Vihar Society Katargam, Surat",electrician,Rashmi Patel,7449072467
Super Electric Co.,4.2,"Vesu Road Vesu, Surat",electrician,Rajesh Mehta,7252039121
Patel Electricals Sales & Service,2.9,"Vip Road Vesu, Surat",electrician,Ritesh Patel,7868255840
Ganesh Electric & Light Decoration,1.8,"Vip Road Vesu, Surat",electrician,Tanu Gajjar,9599282075
Maruti Lighting,2.8,"Athwa Lines Parle Point, Surat",electrician,Tanuja Patel,9735882716
Anant Engineering Corporation,3.8,"Opposite Someshwar Enclave Vesu, Surat",electrician,Nisha Shah,7932733391
Mr. Okay Home Services,4.4,"Gas Company Road Adajan Dn, Surat",electrician,Tejal Gajjar,9608058551
Ratnadeep Electricals,1.7,"Adajan Dargah Road Adajan Road, Surat",electrician,Avi Patel,7974810314
Shree Ram Electro Control,3.2,"Vihar Society Katargam, Surat",electrician,Amitbhai Joshi,9854976924
Neej Electrics & Service,1.6,"Vesu Road Vesu, Surat",electrician,Himani Desai,7957243900
Avani Electrical Services,2.5,"Vip Road Vesu, Surat",electrician,Viren Gajjar,7558653519
Kiran Electric & Electronics,3.8,"Vip Road Vesu, Surat",electrician,Vikas Patel,8382837555
Trimurti Electric Corporation,2.6,"Athwa Lines Parle Point, Surat",electrician,Pratik Gajjar,9052335040
Power On Electrical Service,2.1,"Opposite Someshwar Enclave Vesu, Surat",electrician,Nisha Shah,9385789683
Omega Electricals,3,"Jani Farsan Lane Citylight Road, Surat",electrician,Pooja Gajjar,7417071455
Om Electrical And Electronics Solutions,3.6,"Aarogya Kendra Road Katargam, Surat",electrician,Priya Joshi,9864280834
Rudraay Enterprise,2.1,"Vesu Abhwa Road Vesu, Surat",electrician,Rakesh Kumar,7238236230
Asif Malik,1.6,"Gotri Road Gotri, Vadodara",electrician,Madhuri Patel,7975108036
Avani Electrical Services,1.7,"Light Main Road Citylight Road, Surat",electrician,Jagruti Desai,8473248284
Kiran Electric & Electronics,2.9,"Nanavat Main Road Nanavat, Surat",electrician,Hiral Joshi,8017742534
Trimurti Electric Corporation,2.5,"Union Square Lane Ghoddod Road, Surat",electrician,Bhavin Desai,8088796811
Power On Electrical Service,4.1,"Ghoddod Road, Surat",electrician,Sumati Patel,9456609152
Omega Electricals,1.1,"Bhatar Road, Surat",electrician,Jinal Patel,7041202378
Om Electrical And Electronics Solutions,4,"Vesu Canal Road Vesu, Surat",electrician,Parth Patel,7678201006
Rudraay Enterprise,1.1,"Gujarat Housing Board, Rajkot",electrician,Ravi Desai,9631171928
Asif Malik,5,"Rajput Para, Rajkot",electrician,Ami Shah,7222767093
J K Electric & Lighting,1.4,"Ratanpar, Rajkot",electrician,Payal Desai,9146926111
Patel Electric & Air Conditioner,1.1,"Bhuj Mandir, Rajkot",electrician,Rajesh Mehta,8936521085
Krishna Electric Store,4,"Dhoraji Road, Rajkot",electrician,Rajesh Gajjar,8140214494
BALAJI ENTERPRISE,4.8,"Shiv Shakti Nagar, Rajkot",electrician,Tejal Patel,9927833774
Shree Pramukh Swami Electricals,1.5,"Kalavad Road, Rajkot",electrician,Niral Patel,9930812272
Beyond Service,3.4,"Manek Chowk, Rajkot",electrician,Niral Patel,9788960892
Eklavya Electric,4.9,"Shivaji Park, Rajkot",electrician,Vidhi Patel,8897864984
Maan Industries,1,"Swastik Society, Rajkot",electrician,Rupal Patel,9149815511
Anand Electricals,3.5,"Himmat Nagar, Rajkot",electrician,Shital Joshi,8558649109
Rajesh Enterprise,2.8,"Shahibaug, Rajkot",electrician,Yash Shah,9087130884
J K Electric & Lighting,4.6,"Darshan Colony, Rajkot",electrician,Rajesh Mehta,9430075018
Patel Electric & Air Conditioner,3.6,"Krishna Nagar, Rajkot",electrician,Manish Patel,7046302736
Krishna Electric Store,3.6,"Madhapar, Rajkot",electrician,Ravi Desai,9480993178
BALAJI ENTERPRISE,2.9,"Swaminarayan Mandir, Rajkot",electrician,Hiren Joshi,7841001352
Shree Pramukh Swami Electricals,3.3,"Vinayak Nagar, Rajkot",electrician,Hardik Joshi,9754454794
Beyond Service,3.1,"Bansal Nagar, Rajkot",electrician,Bipin Patel,8784398051
Eklavya Electric,3,"Shastri Nagar, Rajkot",electrician,Bipin Shah,7468663411
Maan Industries,3.7,"Patel Colony, Rajkot",electrician,Kanak Desai,8467732502
Anand Electricals,2.1,"Moti Tanki Chowk, Rajkot",electrician,Ravi Desai,8761358728
Rajesh Enterprise,2.9,"Guru Nanak Road, Rajkot",electrician,Chandni Gajjar,9183430768
Amber Electric Sales & Service,3.9,"Hanuman Tekri, Rajkot",electrician,Jignesh Shah,8553351650
Rajkot Electrician,3.4,"Sardar Nagar, Rajkot",electrician,Madhur Shah,8566588086
Patel Services,1.7,"Meghani Nagar, Rajkot",electrician,Tanu Patel,7231411858
Shreeji Electric Shop,2.7,"Moti Rodi, Rajkot",electrician,Viral Gajjar,8357835504
Bajrang Electrics,1.8,"GIDC, Rajkot",electrician,Yash Shah,8680174163
P R Enterprise,4.8,"Rangpar, Rajkot",electrician,Priyanka Patel,9355193397
Ashutosh Electric Service,1.7,"Khodiyar Nagar, Rajkot",electrician,Dinesh Gajjar,7250242362
Momai Electric Decoration,1.4,"Dharmani, Rajkot",electrician,Yash Shah,8156568845
Mayur Electricians,1.6,"Prajapati Vadi, Rajkot",electrician,Nayan Patel,9703190925
Shiv Electrical Service,2.4,"Karanpara Bypass, Rajkot",electrician,Ketan Shah,9390828678
RAJ PLUMBING & Waterproofing,2.7,"Dholera, Rajkot",plumber,Harshita Patel,7996529095
Dhyey Plumbing,3.8,"Gohilwadi, Rajkot",plumber,Komal Joshi,8156584495
Chamunda Enterprise,2.9,"Ravipara, Rajkot",plumber,Jinisha Patel,9763426015
Asian Pipe Fitting Depo,3,"Bhavani Chowk, Rajkot",plumber,Komal Patel,9130828507
Sonal Distributors,1.1,"Akhil Nagar, Rajkot",plumber,Smit Patel,7579338042
Super Home Services,1.2,"Rajkot, Gujarat, India",plumber,Vidhi Shah,9130699727
Uttam Builders & Developers,4.4,"Prerna Park, Rajkot",plumber,Avi Patel,8564926178
Savan Interior,4.7,"Narmada Nagar, Rajkot",plumber,Viren Patel,8600033822
Maan Industries,3.2,"Janta Nagar, Rajkot",plumber,Alok Shah,8088328500
Kanji H Makwana,2.5,"Sadar Plot, Rajkot",plumber,Kalpesh Patel,7432441558
Pankaj Khandhar,1.8,"Sadar Bazar, Rajkot",plumber,Ritesh Patel,9194158746
Payal Mart,3.1,"Chandresh Nagar, Rajkot",plumber,Mitali Desai,7788600455
Asian Pipe Fitting Depo,1.7,"Raiya Road, Rajkot",plumber,Tejal Gajjar,7561904252
Super Home Services,4.1,"Suraj Nagar, Rajkot",plumber,Hiral Joshi,7410246581
Uttam Builders & Developers,3.4,"Karanpara, Rajkot",plumber,Tanuja Patel,9128560731
Savan Interior,2.7,"Badiyad, Rajkot",plumber,Yash Desai,8598189697
Maan Industries,3.6,"Amba Baug, Rajkot",plumber,Nashit Patel,9063413269
Kanji H Makwana,2.3,"Sangathala, Rajkot",plumber,Bhavin Desai,9265516643
Pankaj Khandhar,2.3,"Lal Par, Rajkot, Gujarat",plumber,Ravi Patel,7279943237
Tanu Creations,2.5,"Kankot Road, Rajkot",plumber,Vandana Patel,8371301652
Hakimi Plumbing Works,1.2,"Makrand Nagar, Rajkot",plumber,Ketan Desai,7338511257
Maruti Digital System,3.1,"Vikram Nagar, Rajkot",plumber,Nayan Patel,9108068118
Om Construction,3.6,"Jalaram Nagar, Rajkot",plumber,Shital Joshi,7311530517
Patel Home Services,3.2,"Shiv Nagar, Rajkot",plumber,Nirali Mehta,9784493794
One Stop Solution,1.1,"New Kankot, Rajkot",plumber,Tejal Shah,9531987048
Jay Ramdev Plumbing Service,4.5,"Gokulnagar, Rajkot",plumber,Avi Patel,9405778776
Jai Shree Pipe Fitting & Plumbing,3.1,"Bhaktinagar, Rajkot",plumber,Manish Patel,8178495259
Hindustan Enterprise,2.2,"Navjivan Society, Rajkot",plumber,Payal Desai,8044597153
Chauhan Service Provider,3.6,"Varachha Road, Rajkot",plumber,Anjali Desai,9229518134
Petals Plumbing Contractor,1.9,"Dharmani Para, Rajkot",plumber,Nisha Shah,8414176150
Samrat Home Service,3.6,"Sunder Nagar, Rajkot",plumber,Kruti Shah,9527435480
Badri Glass Hardware & Sanitarywares,4.1,"Bajrang Wadi, Rajkot",plumber,Aarti Shah,7709500353
Mr. Okay Home Services,3.7,"Bazar Mandi, Rajkot",plumber,Krishna Desai,7092061271
Star Plumber,3.1,"Madhavpura, Rajkot",plumber,Krishna Desai,8983795872
D D Enterprise,4.3,"Sahasra Ghat, Rajkot",plumber,Rupal Desai,8424493077
Kuldevi Plumbing Work,3.6,"Jetpur Road, Rajkot",plumber,Mehul Desai,8862089703
Lucky Plumber,4,"Sadar Market, Rajkot",plumber,Savi Shah,8952109646
Rudraay Enterprise,4.1,"Udyog Nagar, Rajkot",plumber,Tina Patel,7796736125
Mahadev Plumbing Work,1.8,"Bhadran Road, Rajkot",plumber,Nirav Gajjar,8715543992
Beyond Service,4.8,"Shreeji Nagar, Rajkot",plumber,Viren Gajjar,9629370116
Samrat Home Service,1.5,"Bhayavadar, Rajkot",plumber,Viren Patel,9440338271
Badri Glass Hardware & Sanitarywares,2.2,"Hari Nagar, Rajkot",plumber,Nayan Patel,7062884377
Mr. Okay Home Services,2.5,"Aji Dam Road, Rajkot",plumber,Nisha Shah,7252133514
Star Plumber,4.1,"Indraprasth, Rajkot",plumber,Tanu Gajjar,7554569329
D D Enterprise,1.5,"New Rajendra Park, Rajkot",plumber,Raj Patel,7491483721
Kuldevi Plumbing Work,1.4,"Shivendra, Rajkot",plumber,Vidhi Shah,9159145695
Lucky Plumber,4.4,"Gandhinagar, Rajkot",plumber,Mitali Desai,9007698414
Rudraay Enterprise,3.1,"Yogi Nagar, Rajkot",plumber,Vishal Shah,7442192638
Mahadev Plumbing Work,2.1,"Vasant Vihar, Rajkot",plumber,Jayshri Patel,9089420328
Beyond Service,3,"Shapar, Rajkot",plumber,Anupama Joshi,7809578258
Maan Industries,1.7,"Ashok Nagar, Rajkot",plumber,Smit Patel,7689501144
Shyam Hardware,4.4,"Suryanagar, Rajkot",plumber,Vishal Patel,8997694579
Radhika Enterprise,4.7,"Bhayavadar Road, Rajkot",plumber,Kanak Gajjar,8604240756
Iqbal Theba,3.8,"Kotharia Road, Rajkot",plumber,Nirali Mehta,8563678094
Star Enterprise,1.8,"Vijay Vilas, Rajkot",plumber,Jinal Gajjar,7112402402
Akshar Hardware,2.8,"Kailash Nagar, Rajkot",plumber,Tushar Patel,8797503032
Rajkot Plumbing Solution,4.3,"Near Saurashtra University, Rajkot",plumber,Priyanka Patel,9171038216
Home Care Plumbing Work,2.7,"Laxminagar, Rajkot",plumber,Ami Shah,7841851707
Madhav Traders,3.7,"Mavdi, Rajkot",plumber,Jayesh Patel,9712856275
Raj Ratan Construction,2.8,"Mangarol, Rajkot",plumber,Anupama Joshi,7559771180
Shyam Hardware,1.7,"Lohana Para, Rajkot",plumber,Kinjal Shah,7694382974
Radhika Enterprise,1.2,"Jivraj Park, Rajkot",plumber,Niral Patel,8385159532
Iqbal Theba,1,"Soni Bazaar, Rajkot",plumber,Nirali Mehta,7361183177
Star Enterprise,1.4,"Gandhinagar, Rajkot",plumber,Nisha Mehta,9406814498
Akshar Hardware,4.3,"Yogi Nagar, Rajkot",plumber,Chinmay Patel,9144983435
Rajkot Plumbing Solution,4.4,"Vasant Vihar, Rajkot",plumber,Manoj Gajjar,9811386395
Home Care Plumbing Work,2.7,"Shapar, Rajkot",plumber,Alok Bhagat,7262804425
Madhav Traders,2.3,"Ashok Nagar, Rajkot",plumber,Nirav Patel,9835370228
Raj Ratan Construction,2.1,"Suryanagar, Rajkot",plumber,Vidhi Shah,7467269229
Jayesh Parmar,2.6,"Bhayavadar Road, Rajkot",plumber,Jayshri Patel,8274826263
Mayora Services,4.4,"Kotharia Road, Rajkot",plumber,Himani Desai,8566653761
Arvind Plumber,4.6,"Vijay Vilas, Rajkot",plumber,Niral Gajjar,8025614503
New Sarvaiya Hardware,2.8,"Kailash Nagar, Rajkot",plumber,Yash Joshi,8792232556
Sankalp Home Services,4.7,"Near Saurashtra University, Rajkot",plumber,Brahm Patel,8909888235
Chauhan Plumbing Works,3.8,"Laxminagar, Rajkot",plumber,Kalpesh Patel,8864075446
Akshar Metal,4.7,"Mavdi, Rajkot",plumber,Harshita Patel,7802345412
Arab Plumber,2.4,"Mangarol, Rajkot",plumber,Aarti Shah,9213968444
Soham Plywood & Hardware,3.5,"Lohana Para, Rajkot",plumber,Ami Patel,9645407791
Atul A Babariya,3.5,"Jivraj Park, Rajkot",plumber,Chirag Joshi,9235022537
Chauhan Plumbing Works,3.6,"Soni Bazaar, Rajkot",plumber,Anjali Desai,7968293528
Akshar Metal,4.9,"Roadrace Course Race Course Road, Rajkot",plumber,Suryan Patel,7034864112
Arab Plumber,3.1,"Street-4 Africa Colony, Rajkot",plumber,Hiral Desai,7152394019
Soham Plywood & Hardware,4.6,"Vaswani Road University Road, Rajkot",plumber,Savi Shah,9341648930
Atul A Babariya,1.2,"Ft 150 Feet Ring Road, Rajkot",plumber,Avi Patel,9385367502
Darshan Hardware,3.1,"Kalavad Road, Rajkot",plumber,Manoj Desai,7121261813
Dipak Hardware,1.8,"Bhanu Petrol Pump Green City, Jamnagar",plumber,Himani Desai,7288162086
Radhe Home Service,2.1,"Road Saru Section Road, Jamnagar",plumber,Pooja Shah,7277793816
Om Construction Co.,1.9,"Ground Road Saru Section Road, Jamnagar",plumber,Harsh Patel,9516887757
Noon Plumbing Services,3.9,"Rampara, Rajkot",plumber,Himani Desai,9732439237
Mahi Ppr Pipe Fitting,4.9,"Patel Chowk Vanthali, Junagadh",plumber,Nisha Shah,9379281984
Parmar Plumbing Works,3.9,"Subhash Chowk, Rajkot",plumber,Niral Gajjar,9985469483
Amin Bhai Plumbar,4.4,"Ft 150 Feet Ring Road, Rajkot",plumber,Kavita Patel,8667005232
Solanki Nanjibhai B.,1.4,"Kalavad Road, Rajkot",plumber,Smit Patel,9477805599
Chamunda Plumbing Paip,4.9,"Bhanu Petrol Pump Green City, Jamnagar",plumber,Chandni Gajjar,7199011590
Darshan Hardware,4.6,"Road Saru Section Road, Jamnagar",plumber,Ravi Bhagat,8467981556
Dipak Hardware,2.9,"Ground Road Saru Section Road, Jamnagar",plumber,Pooja Shah,8133451139
Radhe Home Service,1.8,"Haridarshan, Rajkot",plumber,Niral Gajjar,7392559749
Om Construction Co.,1.9,"Patel Chowk Vanthali, Junagadh",plumber,Chirag Patel,8226875529
Noon Plumbing Services,3.2,"Panch Hatdi, Porbandar",plumber,Parth Gajjar,7869392624
Mahi Ppr Pipe Fitting,4.5,"Mangrol Junagadh, Mangrol",plumber,Sonal Shah,7560636206
Parmar Plumbing Works,1.1,"Jewel Circle, Bhavnagar",plumber,Alok Shah,7490684630
Amin Bhai Plumbar,2.4,"Swamiji Sheri, Mandvi",plumber,Ravi Patel,7137230342
Solanki Nanjibhai B.,2.1,"Dholka Ahmedabad Gujarat Dholka, Dholka",plumber,Brahm Patel,9147663023
Chamunda Plumbing Paip,2.2,"South Bopal, Ahmedabad",plumber,Tanu Patel,8794168093
J K Plumber,2.6,"Anand Ashram Road Sarkhej, Ahmedabad",plumber,Alok Bhagat,9051323826
Aroma -Sanitary Ware Pipe & Fittings Hardware,1,"Bopal Main Road Bopal, Ahmedabad",plumber,Komal Joshi,7244250871
Shreeram Plumbing,1.4,"Juhapura Road Sarkhej Road, Ahmedabad",plumber,Manoj Patel,9862668326
Lakha G Sasakiya,4.6,"Ramdevnager Satellite, Ahmedabad",plumber,Kinjal Shah,8114021279
Rudrax Construction,3.7,"Bavla Road, Rajkot",plumber,Pooja Shah,7935536598
Piyushbhai L. Sasakiya,4.2,"Panch Hatdi, Porbandar",plumber,Disha Shah,7766115161
Raj Plumbing Work,2.7,"Mangrol Junagadh, Mangrol",plumber,Vidhi Patel,9868666265
Raj Khodal,4.7,"Jewel Circle, Bhavnagar",plumber,Vandana Patel,9119073628
Potar Service,2,"Swamiji Sheri, Mandvi",plumber,Tushar Patel,8563257366
Babubhai Plumber,3.5,"Dholka Ahmedabad Gujarat Dholka, Dholka",plumber,Viren Patel,7635938826
J K Plumber,1.4,"South Bopal, Ahmedabad",plumber,Manju Joshi,9579589432
Aroma -Sanitary Ware Pipe & Fittings Hardware,3.8,"Anand Ashram Road Sarkhej, Ahmedabad",plumber,Ami Patel,9986632114
Shreeram Plumbing,1.2,"Bopal Main Road Bopal, Ahmedabad",plumber,Avi Patel,7540260445
Rudrax Construction,4.6,"Juhapura Road Sarkhej Road, Ahmedabad",plumber,Jinal Gajjar,9420376947
Piyushbhai L. Sasakiya,3.4,"Ramdevnager Satellite, Ahmedabad",plumber,Himani Desai,8874703595
Raj Plumbing Work,4.3,"Near Bhagban Cross Road Thaltej, Ahmedabad",plumber,Kanak Desai,9429387190
Raj Khodal,4.8,"Sindhu Bhavan Thaltej, Ahmedabad",plumber,Jinal Patel,9774194143
Potar Service,4.9,"Ramdevnagar Road Satellite, Ahmedabad",plumber,Smit Patel,7883618940
Babubhai Plumber,3.1,"Anand Nagar-prahladnagar, Ahmedabad",plumber,Kanak Desai,7077124889
Manisha Pipe Fitting,4.7,"Judges Bunglow Road Bodakdev, Ahmedabad",plumber,Viren Patel,9929879009
Sanjay M. Makavana,1.1,"Bodakdev, Ahmedabad",plumber,Harsh Patel,7466521234
Startech Plumbing Services,1.6,"Vastrapur Lake Road Vastrapur, Ahmedabad",plumber,Ashok Kumar,9020435045
Sanjay B. Methaniya,4.7,"Science City Road Sola, Ahmedabad",plumber,Maya Shah,8296988212
Dwarkesh Plumbing Parts & Accessories,2,"Fire Station Road Memnagar, Ahmedabad",plumber,Mehul Desai,8286866260
Ugmeshwar Pipe,2.1,"Ravi Nagar, Rajkot",plumber,Aarti Shah,8879050271
Santosh Plumber,2.6,"Sindhu Bhavan Thaltej, Ahmedabad",plumber,Krunal Patel,9533012558
Bhavesh R Parikh,4.1,"Ramdevnagar Road Satellite, Ahmedabad",plumber,Amit Patel,9697399352
Nakum Kantibhai,4.9,"Anand Nagar-prahladnagar, Ahmedabad",plumber,Naman Joshi,8615722323
Balaji Trading Co,3.1,"Judges Bunglow Road Bodakdev, Ahmedabad",plumber,Amitbhai Joshi,8908372098
Tiffin Uncle,4.3,"Bodakdev, Ahmedabad",tiffin,Darshil Mehta,8653229936
Balaji Restaurant & Caterers,4,"Vastrapur Lake Road Vastrapur, Ahmedabad",tiffin,Neha Patel,8329521929
Home Made Food Tiffin Service,4.3,"Science City Road Sola, Ahmedabad",tiffin,Maya Joshi,8862339740
Jalaram Caterers,5,"Fire Station Road Memnagar, Ahmedabad",tiffin,Tushar Gajjar,9743824376
Khodiyar Tiffin Service,4.5,"Vijay Plot, Rajkot",tiffin,Kalpesh Patel,9916881086
Yoju Tiffin Service,4.8,"Vandematram Road Gota, Ahmedabad",tiffin,Tanu Patel,8591016807
Giriraj Tiffin & Parcel Service,4.4,"Opp: Pramukh Bungalows New Ranip, Ahmedabad",tiffin,Manju Joshi,7368212164
Shiv Tiffin Service,4.5,"Ranip, Ahmedabad",tiffin,Tanu Patel,9529575887
Sonal Punjabi Food Parcel,4.1,"Tragad Road Chandkheda, Ahmedabad",tiffin,Milan Shah,9173933629
Fit Your Macros,4.3,"Near Parikh Hospital Nikol Gam, Ahmedabad",tiffin,Ravi Joshi,9374240636
Aarti Mart,1.5,"School Road Kudasan, Gandhinagar-Gujarat",tiffin,Sangeeta Patel,9813773154
Jalaram Caterers,5,"Amod, Bharuch",tiffin,Jinisha Patel,7118611945
Nisha Creations,2.2,"UPL Colony Ashutosh Society 2, Bharuch",tiffin,Viren Patel,7847038784
Khodiyar Tiffin Service,4.5,"Jahangirpura Dandi Road Rander, Surat",tiffin,Jigar Joshi,9547777135
Yoju Tiffin Service,4.8,"Gaurav Path Road Adajan Dn, Surat",tiffin,Bina Shah,9382467114
Giriraj Tiffin & Parcel Service,4.4,"Tragad Road Chandkheda, Ahmedabad",tiffin,Yash Shah,7648292999
Shiv Tiffin Service,4.5,"Near Parikh Hospital Nikol Gam, Ahmedabad",tiffin,Kamini Shah,8021483510
Sonal Punjabi Food Parcel,4.1,"School Road Kudasan, Gandhinagar-Gujarat",tiffin,Pratik Shah,7988778518
Fit Your Macros,4.3,"Amod, Bharuch",tiffin,Chirag Patel,8955764342
Hardik Traders,4.3,"UPL Colony Ashutosh Society 2, Bharuch",tiffin,Raj Patel,9336564101
House Tiffin Service,4.8,"Jahangirpura Dandi Road Rander, Surat",tiffin,Viren Gajjar,9034847549
The TIFFIN Box,4.7,"Gaurav Path Road Adajan Dn, Surat",tiffin,Niral Gajjar,9745512492
Ganesh Tiffin Service,4.9,"Ugat Road Palanpur Patia, Surat",tiffin,Pratik Shah,8158553170
The Shree Parcel Points Tiffin And Catering Service,3.6,"Canal Road Palanpur Jakat Naka, Surat",tiffin,Pranav Patel,9010921808
Maya Food Parcel,4.6,"L P Savani Road Adajan Road, Surat",tiffin,Viral Gajjar,7940040184
A B Tiffin Services,4.7,"Visnagar Ho, Visnagar",tiffin,Rupal Patel,9697933377
Shree Shastam Tiffin Service,4.5,"Rander Bus Stop Rander, Surat",tiffin,Amitbhai Joshi,8874315592
Tiffin Corner,4.7,"Near Pal Gam Circle Pal Gam, Surat",tiffin,Kavita Patel,9131583804
Tiffin Uncle Cafe Llp,4.3,"Honey Park Road Adajan Dn, Surat",tiffin,Kruti Shah,9484896630
Balaji Fast Food,3.4,"Behind Rajhans Cinema Adajan Dn, Surat",tiffin,Ashok Kumar,9219080520
The TIFFIN Box,4.7,"Piplod Dumas Road Dumas Road, Surat",tiffin,Jagruti Desai,7571875344
Ganesh Tiffin Service,4.9,"L P Savani Road Adajan Road, Surat",tiffin,Hiral Joshi,9839014156
The Shree Parcel Points Tiffin And Catering Service,3.6,"Ugat Road Palanpur Patia, Surat",tiffin,Niral Patel,8628976498
Maya Food Parcel,4.6,"Canal Road Palanpur Jakat Naka, Surat",tiffin,Vidhi Shah,8951411801
A B Tiffin Services,4.7,"L P Savani Road Adajan Road, Surat",tiffin,Nashit Shah,8800239707
Shree Shastam Tiffin Service,4.5,"Visnagar Ho, Visnagar",tiffin,Ami Shah,8747733718
Tiffin Corner,4.7,"Rander Bus Stop Rander, Surat",tiffin,Anjali Desai,7008542094
Tiffin Uncle Cafe Llp,4.3,"Near Pal Gam Circle Pal Gam, Surat",tiffin,Mihir Shah,8011332091
Swastik Tiffin Service,4.8,"Honey Park Road Adajan Dn, Surat",tiffin,Alok Bhagat,7398572583
Akshar Tiffin Service,5,"Behind Rajhans Cinema Adajan Dn, Surat",tiffin,Vidhi Patel,7977476749
Royal Restaurant,3.6,"Piplod Dumas Road Dumas Road, Surat",tiffin,Chetan Joshi,8064557309
Khushi Food & Tiffin Service,4.8,"L P Savani Road Adajan Road, Surat",tiffin,Neelam Desai,9040508186
Pandyas Food Tiffin Service,4.8,"Ramnagar Char Rasta Rander Road, Surat",tiffin,Usha Patel,7856078805
Rajwadi Aahar Tiffin Service,4.6,"Tadwadi Main Road Rander Road, Surat",tiffin,Nashit Shah,9959592495
Dosa Hub,3.8,"Gas Company Road Adajan Dn, Surat",tiffin,Alok Shah,9466141983
Bajrang Tiffin Service,4.7,"Adajan Dargah Road Adajan Road, Surat",tiffin,Jayshree Mehta,8427968495
Anand Boys Hostel,3.8,"Vihar Society Katargam, Surat",tiffin,Mihir Shah,8265146993
Chamuda Tifin Services,4,"Vesu Road Vesu, Surat",tiffin,Nirav Patel,9586946979
Khushi Food & Tiffin Service,4.8,"Vip Road Vesu, Surat",tiffin,Ketan Patel,8627792827
Rajwadi Aahar Tiffin Service,4.6,"Vip Road Vesu, Surat",tiffin,Parth Patel,7285643616
Dosa Hub,3.8,"Athwa Lines Parle Point, Surat",tiffin,Chirag Gajjar,9017560024
Bajrang Tiffin Service,4.7,"Opposite Someshwar Enclave Vesu, Surat",tiffin,Aarti Shah,8977475520
Anand Boys Hostel,3.8,"Gas Company Road Adajan Dn, Surat",tiffin,Mehul Desai,9009270039
Chamuda Tifin Services,4,"Adajan Dargah Road Adajan Road, Surat",tiffin,Rakesh Kumar,8651871415
Galaxy Tiffin And Parcel Service,5,"Vihar Society Katargam, Surat",tiffin,Rupal Joshi,8396861254
Suryakant Food Parcel,3.5,"Vesu Road Vesu, Surat",tiffin,Yash Joshi,7035213728
Krishna Lodging And Tiffin Services,4,"Vip Road Vesu, Surat",tiffin,Nirali Patel,9464553020
Tiffin,5,"Vip Road Vesu, Surat",tiffin,Viral Patel,7363799435
Om Shiv Tiffin Service,4.5,"Athwa Lines Parle Point, Surat",tiffin,Anupama Joshi,8150946473
Gajanan Tiffin,4.3,"Opposite Someshwar Enclave Vesu, Surat",tiffin,Mihir Shah,7928389117
Om Tiffin Service,4.9,"Jani Farsan Lane Citylight Road, Surat",tiffin,Yash Shah,9740541133
Nupur Tiffin Services,4.9,"Aarogya Kendra Road Katargam, Surat",tiffin,Amit Patel,8298914816
Radhe Tiffin Service,3.5,"Vesu Abhwa Road Vesu, Surat",tiffin,Hiral Patel,8227099860
Punjabi Home Made Tiffin Service,4.8,"Gotri Road Gotri, Vadodara",tiffin,Tina Patel,7588471879
Galaxy Tiffin And Parcel Service,5,"Light Main Road Citylight Road, Surat",tiffin,Amit Patel,8206296467
Krishna Lodging And Tiffin Services,4,"Nanavat Main Road Nanavat, Surat",tiffin,Ketan Desai,8862534757
Om Shiv Tiffin Service,4.5,"Union Square Lane Ghoddod Road, Surat",tiffin,Niral Patel,7746037013
Gajanan Tiffin,4.3,"Ghoddod Road, Surat",tiffin,Ashvin Patel,7491228282
Om Tiffin Service,4.9,"Bhatar Road, Surat",tiffin,Neelam Desai,7765311969
Nupur Tiffin Services,4.9,"Vesu Canal Road Vesu, Surat",tiffin,Rajesh Gajjar,9145633053
Radhe Tiffin Service,3.5,"Gujarat Housing Board, Rajkot",tiffin,Maya Joshi,7736895880
Punjabi Home Made Tiffin Service,4.8,"Rajput Para, Rajkot",tiffin,Chandresh Patel,7600516865
Tiffine Service Rajpurohit,3.8,"Ratanpar, Rajkot",tiffin,Harshil Shah,9026064932
Dubai Food House & Tiffin Service,3.6,"Bhuj Mandir, Rajkot",tiffin,Tushar Gajjar,8655877607
Madhav Caterers,5,"Dhoraji Road, Rajkot",tiffin,Darshan Joshi,9193388154
Jalaram Catering and Services,3.6,"Shiv Shakti Nagar, Rajkot",tiffin,Chirag Patel,7764285632
Chinese Tiffin,3.9,"Kalavad Road, Rajkot",tiffin,Tushar Gajjar,9728494719
Gayatri Dining Hall,4.4,"Manek Chowk, Rajkot",tiffin,Asha Patel,8233117854
Joshi Tiffin Service,4.6,"Shivaji Park, Rajkot",tiffin,Pinal Patel,8167291020
Giriraj Food Parcel Service,3.5,"Swastik Society, Rajkot",tiffin,Tanuja Patel,9162296154
Shreeji Tiffin Service,4,"Himmat Nagar, Rajkot",tiffin,Mithil Patel,7962227484
JAY BHOJNALAYA,4.8,"Shahibaug, Rajkot",tiffin,Sumati Patel,8926703130
Tiffine Service Rajpurohit,3.8,"Darshan Colony, Rajkot",tiffin,Yash Shah,7812826660
Dubai Food House & Tiffin Service,3.6,"Krishna Nagar, Rajkot",tiffin,Nikita Desai,9164896026
Jalaram Catering and Services,3.6,"Madhapar, Rajkot",tiffin,Rupal Joshi,7497709545
Gayatri Dining Hall,4.4,"Swaminarayan Mandir, Rajkot",tiffin,Madhur Shah,9100272474
Joshi Tiffin Service,4.6,"Vinayak Nagar, Rajkot",tiffin,Parul Shah,9496704041
Giriraj Food Parcel Service,3.5,"Bansal Nagar, Rajkot",tiffin,Neelam Desai,7698334903
Shreeji Tiffin Service,4,"Shastri Nagar, Rajkot",tiffin,Smit Shah,8801516671
JAY BHOJNALAYA,4.8,"Patel Colony, Rajkot",tiffin,Bhavesh Shah,7551086258
K. D Carters (tifin Service),4.8,"Moti Tanki Chowk, Rajkot",tiffin,Ankita Joshi,9756691086
Venus Overseas,4,"Guru Nanak Road, Rajkot",tiffin,Sangeeta Patel,7348773866
Chamunda Tiffin Service,5,"Hanuman Tekri, Rajkot",tiffin,Sanjana Patel,9405509378
Shubham Tiffin Service,5,"Sardar Nagar, Rajkot",tiffin,Savi Shah,8807026458
Jay Ambe Tiffin Services,5,"Meghani Nagar, Rajkot",tiffin,Darshan Joshi,8091004817
Sunny Eggwala,4.8,"Moti Rodi, Rajkot",tiffin,Snehal Patel,8324850163
Shree Nathiji Tiffin,4.5,"GIDC, Rajkot",tiffin,Kinjal Patel,8291035198
Hari Om Dosa,3.8,"Rangpar, Rajkot",tiffin,Kritika Joshi,7989574906
Shree Maa Annapurna Tiffin Service,5,"Khodiyar Nagar, Rajkot",tiffin,Manju Mehta,8427383861
TiffinWala,2.6,"Dharmani, Rajkot",tiffin,Darshan Joshi,9907417276
Chamunda Tiffin Service,5,"Prajapati Vadi, Rajkot",tiffin,Jinal Patel,9433656705
Shubham Tiffin Service,5,"Karanpara Bypass, Rajkot",tiffin,Anjali Desai,7949224771
Jay Ambe Tiffin Services,5,"Dholera, Rajkot",tiffin,Tejal Patel,8674851080
Sunny Eggwala,4.8,"Gohilwadi, Rajkot",tiffin,Tanu Gajjar,8245116595
Shree Nathiji Tiffin,4.5,"Ravipara, Rajkot",tiffin,Jayesh Patel,7753792425
Shree Maa Annapurna Tiffin Service,5,"Bhavani Chowk, Rajkot",tiffin,Tushar Patel,7992507280
TiffinWala,2.6,"Akhil Nagar, Rajkot",tiffin,Suryan Patel,8600367079
Unique tifin service,5,"Rajkot, Gujarat, India",tiffin,Sonal Shah,9676934778
K G N Tifin Service,2.5,"Prerna Park, Rajkot",tiffin,Dinesh Desai,9646153089
Mahadev Tifin Service,5,"Narmada Nagar, Rajkot",tiffin,Harshil Shah,7848879061
Kumar Receipe,4,"Janta Nagar, Rajkot",tiffin,Dipali Patel,9832927573
Mom's Kitchen,3.3,"Sadar Plot, Rajkot",tiffin,Sonal Shah,7432598148
Vedmata Tifin,4.4,"Sadar Bazar, Rajkot",tiffin,Ashok Kumar,9887730699
Om Tiffin Service,4.5,"Chandresh Nagar, Rajkot",tiffin,Manju Mehta,7169621613
Ma Tiffin Service,4.8,"Raiya Road, Rajkot",tiffin,Kanak Gajjar,8019834931
K.K. Live Puff Zone,5,"Suraj Nagar, Rajkot",tiffin,Tejal Gajjar,8917684029
Chamunda Tiffin Service,4,"Karanpara, Rajkot",tiffin,Pranav Patel,7655193271
