Business Name,Business Category,Owner Name,Owner Contact,Location of Shop,Reviews of Shop
રાધે ટેટૂ સ્ટુડિયો,ગેસર રીપેર,Paresh Makwana,+91 9128018465,"ભક્તિનગર, રાજકોટ, ગુજરાત",4.1
સિદ્ધિ વિનાયક ઈન્ટીરિયર ડિઝાઇનર,મોબાઇલ રીપેર,Rajesh Mehta,+91 9760776681,"કલાવડ રોડ, રાજકોટ, ગુજરાત",4.7
શ્રી ઈન્ટીરિયર ડિઝાઇનર,સિક્યોરિટી સર્વિસ,Rakesh Dave,+91 9053999309,"કલાવડ રોડ, રાજકોટ, ગુજરાત",4.5
મહાલક્ષ્મી કપડાં અને ફૂટવેર દુકાન,સિક્યોરિટી સર્વિસ,Rajesh Gohil,+91 9667685422,"ગોંડલ રોડ, રાજકોટ, ગુજરાત",4.2
પૂજા પલમ્બર,કાર્પેન્ટર,Jignesh Shah,+91 9369033408,"યાગ્નિક રોડ, રાજકોટ, ગુજરાત",3.7
જય હજામની દુકાન,હોમ ક્લીનિંગ સર્વિસ,Bhavesh Prajapati,+91 9389392519,"જંક્શન રોડ, રાજકોટ, ગુજરાત",3.6
જય સેલૂન,ઇન્ટિરીયર ડિઝાઇનર,Ketan Shah,+91 9023994575,"કોટેચા ચોક, રાજકોટ, ગુજરાત",3.4
પૂજા કપડાં અને ફૂટવેર દુકાન,બાઈક રીપેર,Manish Patel,+91 9540840747,"રાજપુતપરા, રાજકોટ, ગુજરાત",4.7
નવકાર કોસ્મેટિક અને સ્કિનકેર સ્ટોર,બાઈક રીપેર,Vishal Prajapati,+91 9429116776,"લીમડા ચોક, રાજકોટ, ગુજરાત",4.8
ભક્તિ ઓટો પાર્ટ્સ અને એસેસરીઝ,ગેસર રીપેર,Ketan Desai,+91 9081311225,"લીમડા ચોક, રાજકોટ, ગુજરાત",3.4
ઓમ ઈન્ટીરિયર ડિઝાઇનર,બાઈક રીપેર,Dipak Bhatt,+91 9127214911,"સાધુ વસવાણી રોડ, રાજકોટ, ગુજરાત",3.6
ભક્તિ ટેટૂ સ્ટુડિયો,ઇલેક્ટ્રિશિયન,Vishal Gandhi,+91 9624672956,"શાપર, રાજકોટ, ગુજરાત",3.3
પૂજા કપડાં અને ફૂટવેર દુકાન,કાર રીપેર,Vishal Chauhan,+91 9241453229,"ભક્તિનગર, રાજકોટ, ગુજરાત",4.8
મહાલક્ષ્મી ડ્રાઇવિંગ શાળા,પેસ્ટ કન્ટ્રોલ સર્વિસ,Paresh Chauhan,+91 9441538225,"લીમડા ચોક, રાજકોટ, ગુજરાત",3.9
ઓમ કિરાણા દુકાન,કાર્પેન્ટર,Suresh Bhatt,+91 9108943416,"કલાવડ રોડ, રાજકોટ, ગુજરાત",4.2
ભક્તિ કીડ નિયંત્રણ સેવા,ઇલેક્ટ્રિશિયન,Rajesh Makwana,+91 9458200752,"શાપર, રાજકોટ, ગુજરાત",3.5
શ્રી કિરાણા દુકાન,ફ્રિજ રીપેર,Hitesh Prajapati,+91 9307711810,"જંક્શન રોડ, રાજકોટ, ગુજરાત",4.8
નવકાર ટેટૂ સ્ટુડિયો,કાર રીપેર,Suresh Prajapati,+91 9026257074,"યાગ્નિક રોડ, રાજકોટ, ગુજરાત",3.4
નવકાર કાર વૉશ,સિક્યોરિટી સર્વિસ,Manish Prajapati,+91 9896930493,"રૈયા રોડ, રાજકોટ, ગુજરાત",3.4
સંકલ્પ કોસ્મેટિક અને સ્કિનકેર સ્ટોર,ઇન્ટિરીયર ડિઝાઇનર,Jayesh Rana,+91 9835798071,"150 ફૂટ રીંગ રોડ, રાજકોટ, ગુજરાત",4.6
ભક્તિ પાણી પુરવઠા,હોમ પેઇન્ટિંગ સર્વિસ,Ketan Gohil,+91 9197060700,"કોટેચા ચોક, રાજકોટ, ગુજરાત",4.1
નવકાર ડ્રાઇવિંગ શાળા,કાર્પેન્ટર,Manish Gandhi,+91 9553224167,"કલાવડ રોડ, રાજકોટ, ગુજરાત",3.1
સિદ્ધિ વિનાયક કાર રીપેર,કાર્પેન્ટર,Suresh Bhatt,+91 9116374265,"માવડી, રાજકોટ, ગુજરાત",4.6
પૂજા ઘર સફાઈ સેવા,ગેસર રીપેર,Paresh Rana,+91 9402675974,"લીમડા ચોક, રાજકોટ, ગુજરાત",4.2
ભક્તિ ઘર સફાઈ સેવા,ડ્રાઇવિંગ સ્કૂલ,Mahesh Joshi,+91 9043742132,"કલાવડ રોડ, રાજકોટ, ગુજરાત",4.0
સિદ્ધિ વિનાયક પલમ્બર,સિક્યોરિટી સર્વિસ,Mahesh Trivedi,+91 9662947838,"કલાવડ રોડ, રાજકોટ, ગુજરાત",4.4
જય ટેટૂ સ્ટુડિયો,પ્લમ્બર,Vishal Makwana,+91 9191960778,"લીમડા ચોક, રાજકોટ, ગુજરાત",3.9
જય પલમ્બર,આરઓ રીપેર,Dipak Rana,+91 9791653079,"ભક્તિનગર, રાજકોટ, ગુજરાત",4.2
શ્રી કાર રીપેર,પેસ્ટ કન્ટ્રોલ સર્વિસ,Ketan Rana,+91 9427059721,"150 ફૂટ રીંગ રોડ, રાજકોટ, ગુજરાત",3.9
રાધે હજામની દુકાન,લૉન્ડ્રી સર્વિસ,Dipak Trivedi,+91 9332187766,"યાગ્નિક રોડ, રાજકોટ, ગુજરાત",3.9
જય પિયરસીંગ સ્ટુડિયો,ફ્રિજ રીપેર,Rajesh Trivedi,+91 9273137907,"કલાવડ રોડ, રાજકોટ, ગુજરાત",3.2
જય પલમ્બર,બાઈક રીપેર,Mahesh Gandhi,+91 9961807057,"150 ફૂટ રીંગ રોડ, રાજકોટ, ગુજરાત",4.9
રાધે ફર્નિચર અને હોમ ડેકોર સ્ટોર,કાર રીપેર,Jignesh Gohil,+91 9542535840,"જંક્શન રોડ, રાજકોટ, ગુજરાત",4.9
જય ઈલેક્ટ્રીશિયન,મોબાઇલ રીપેર,Rakesh Trivedi,+91 9736458044,"શાપર, રાજકોટ, ગુજરાત",3.9
પૂજા સ્ટેશનરી શોપ,સિક્યોરિટી સર્વિસ,Rakesh Joshi,+91 9428561897,"150 ફૂટ રીંગ રોડ, રાજકોટ, ગુજરાત",4.8
શ્રી ઈન્ટીરિયર ડિઝાઇનર,એસી રીપેર,Manish Desai,+91 9328307054,"કોટેચા ચોક, રાજકોટ, ગુજરાત",4.9
રાધે બુકસ્ટોર,ડ્રાઇવિંગ સ્કૂલ,Arvind Gandhi,+91 9357096395,"લીમડા ચોક, રાજકોટ, ગુજરાત",4.4
સિદ્ધિ વિનાયક કીડ નિયંત્રણ સેવા,ગેસર રીપેર,Rajesh Trivedi,+91 9920728769,"ભક્તિનગર, રાજકોટ, ગુજરાત",4.4
સંકલ્પ સ્ટેશનરી શોપ,સિક્યોરિટી સર્વિસ,Paresh Bhatt,+91 9406852907,"150 ફૂટ રીંગ રોડ, રાજકોટ, ગુજરાત",3.3
સંકલ્પ હજામની દુકાન,સિક્યોરિટી સર્વિસ,Dipak Mehta,+91 9077414946,"શાપર, રાજકોટ, ગુજરાત",3.5
પૂજા હજામની દુકાન,પ્લમ્બર,Jayesh Bhatt,+91 9591423153,"રાજપુતપરા, રાજકોટ, ગુજરાત",4.7
ભક્તિ સutar,ગેસર રીપેર,Suresh Trivedi,+91 9177573284,"ભક્તિનગર, રાજકોટ, ગુજરાત",4.2
રાધે મસાજ સેન્ટર,સિક્યોરિટી સર્વિસ,Jignesh Joshi,+91 9826021388,"રાજપુતપરા, રાજકોટ, ગુજરાત",3.7
મહાલક્ષ્મી બુકસ્ટોર,આરઓ રીપેર,Rajesh Shah,+91 9600185007,"150 ફૂટ રીંગ રોડ, રાજકોટ, ગુજરાત",4.6
સંકલ્પ ઈલેક્ટ્રીશિયન,કાર રીપેર,Rajesh Mehta,+91 9513185481,"યાગ્નિક રોડ, રાજકોટ, ગુજરાત",3.8
મહાલક્ષ્મી ઇલેક્ટ્રોનિક્સ અને મોબાઇલ દુકાન,પ્લમ્બર,Paresh Prajapati,+91 9819916897,"ભક્તિનગર, રાજકોટ, ગુજરાત",4.1
ભક્તિ ઘર સફાઈ સેવા,લૉન્ડ્રી સર્વિસ,Bhavesh Bhatt,+91 9816486574,"જંક્શન રોડ, રાજકોટ, ગુજરાત",4.0
નવકાર ઈલેક્ટ્રીશિયન,એસી રીપેર,Rakesh Shah,+91 9115685598,"કોટેચા ચોક, રાજકોટ, ગુજરાત",4.0
ઓમ બાઈક રીપેર,ઇન્ટિરીયર ડિઝાઇનર,Ketan Trivedi,+91 9749824537,"શાપર, રાજકોટ, ગુજરાત",4.4
નવકાર મસાજ સેન્ટર,ડ્રાઇવિંગ સ્કૂલ,Rakesh Rana,+91 9631657759,"સાધુ વસવાણી રોડ, રાજકોટ, ગુજરાત",4.9
સિદ્ધિ વિનાયક ઈન્ટીરિયર ડિઝાઇનર,ફ્રિજ રીપેર,Paresh Mehta,+91 9983290752,"રાજપુતપરા, રાજકોટ, ગુજરાત",5.0
શ્રી કાર વૉશ,હોમ પેઇન્ટિંગ સર્વિસ,Hitesh Bhatt,+91 9458312533,"સાધુ વસવાણી રોડ, રાજકોટ, ગુજરાત",4.3
ભક્તિ કાર રીપેર,કાર્પેન્ટર,Arvind Makwana,+91 9726423851,"લીમડા ચોક, રાજકોટ, ગુજરાત",3.4
જય ઇલેક્ટ્રોનિક્સ અને મોબાઇલ દુકાન,કંપ્યુટર રીપેર,Paresh Gandhi,+91 9599367079,"યાગ્નિક રોડ, રાજકોટ, ગુજરાત",3.2
સિદ્ધિ વિનાયક કપડાં અને ફૂટવેર દુકાન,બાઈક રીપેર,Manish Chauhan,+91 9440359698,"કલાવડ રોડ, રાજકોટ, ગુજરાત",4.9
ઓમ ઘર સફાઈ સેવા,પેસ્ટ કન્ટ્રોલ સર્વિસ,Paresh Patel,+91 9245366915,"કલાવડ રોડ, રાજકોટ, ગુજરાત",4.7
રાધે પાણી પુરવઠા,સિક્યોરિટી સર્વિસ,Vishal Dave,+91 9150305138,"ભક્તિનગર, રાજકોટ, ગુજરાત",3.4
નવકાર કાર રીપેર,ઇલેક્ટ્રિશિયન,Arvind Gohil,+91 9647170340,"ગોંડલ રોડ, રાજકોટ, ગુજરાત",4.7
પૂજા સેલૂન,આરઓ રીપેર,Paresh Jadeja,+91 9120998083,"શાપર, રાજકોટ, ગુજરાત",5.0
સિદ્ધિ વિનાયક સ્ટેશનરી શોપ,કંપ્યુટર રીપેર,Vishal Dave,+91 9450477575,"જંક્શન રોડ, રાજકોટ, ગુજરાત",3.1
રાધે પાણી પુરવઠા,ફ્રિજ રીપેર,Sanjay Bhatt,+91 9470561347,"જંક્શન રોડ, રાજકોટ, ગુજરાત",5.0
નવકાર પાણી પુરવઠા,ડ્રાઇવિંગ સ્કૂલ,Suresh Gandhi,+91 9444243364,"યાગ્નિક રોડ, રાજકોટ, ગુજરાત",3.1
સંકલ્પ સutar,સિક્યોરિટી સર્વિસ,Manish Gohil,+91 9775474967,"રાજપુતપરા, રાજકોટ, ગુજરાત",4.6
શ્રી સેલૂન,ફ્રિજ રીપેર,Arvind Jadeja,+91 9840067156,"સાધુ વસવાણી રોડ, રાજકોટ, ગુજરાત",3.1
રાધે કાર રીપેર,કાર વોશ,Ketan Gohil,+91 9976191972,"માવડી, રાજકોટ, ગુજરાત",4.2
સંકલ્પ સ્ટેશનરી શોપ,કાર રીપેર,Vishal Jadeja,+91 9838376826,"રૈયા રોડ, રાજકોટ, ગુજરાત",5.0
ઓમ ફર્નિચર અને હોમ ડેકોર સ્ટોર,ગેસર રીપેર,Hitesh Desai,+91 9317642317,"કોટેચા ચોક, રાજકોટ, ગુજરાત",4.5
પૂજા ઈન્ટીરિયર ડિઝાઇનર,ફ્રિજ રીપેર,Hitesh Prajapati,+91 9257847432,"શાપર, રાજકોટ, ગુજરાત",4.3
નવકાર સutar,બાઈક રીપેર,Ketan Trivedi,+91 9231919472,"ગોંડલ રોડ, રાજકોટ, ગુજરાત",3.3
જય કીડ નિયંત્રણ સેવા,હોમ ક્લીનિંગ સર્વિસ,Sanjay Joshi,+91 9137622146,"ભક્તિનગર, રાજકોટ, ગુજરાત",3.3
પૂજા કિરાણા દુકાન,એસી રીપેર,Suresh Gandhi,+91 9962633248,"ભક્તિનગર, રાજકોટ, ગુજરાત",4.6
જય ઈન્ટીરિયર ડિઝાઇનર,હોમ પેઇન્ટિંગ સર્વિસ,Arvind Makwana,+91 9918368736,"માવડી, રાજકોટ, ગુજરાત",4.8
ઓમ ઈલેક્ટ્રીશિયન,આરઓ રીપેર,Dipak Shah,+91 9062640870,"રાજપુતપરા, રાજકોટ, ગુજરાત",3.9
ભક્તિ મસાજ સેન્ટર,બાઈક રીપેર,Jignesh Dave,+91 9682846900,"યાગ્નિક રોડ, રાજકોટ, ગુજરાત",4.2
શ્રી સ્ટેશનરી શોપ,કાર રીપેર,Jayesh Prajapati,+91 9707729337,"યાગ્નિક રોડ, રાજકોટ, ગુજરાત",4.3
શ્રી સ્ટેશનરી શોપ,હોમ ક્લીનિંગ સર્વિસ,Suresh Prajapati,+91 9237529610,"કલાવડ રોડ, રાજકોટ, ગુજરાત",4.2
ઓમ ઘર સફાઈ સેવા,એસી રીપેર,Ketan Joshi,+91 9768361118,"રાજપુતપરા, રાજકોટ, ગુજરાત",3.2
રાધે કાર રીપેર,બાઈક રીપેર,Mahesh Joshi,+91 9096417145,"લીમડા ચોક, રાજકોટ, ગુજરાત",3.2
શ્રી જ્વેલરી સ્ટોર,ગેસર રીપેર,Rakesh Trivedi,+91 9129716258,"ગોંડલ રોડ, રાજકોટ, ગુજરાત",4.9
મહાલક્ષ્મી પિયરસીંગ સ્ટુડિયો,એસી રીપેર,Hitesh Shah,+91 9026580929,"કલાવડ રોડ, રાજકોટ, ગુજરાત",3.2
ઓમ હજામની દુકાન,આરઓ રીપેર,Rajesh Trivedi,+91 9939747947,"સાધુ વસવાણી રોડ, રાજકોટ, ગુજરાત",4.3
જય ઇલેક્ટ્રોનિક્સ અને મોબાઇલ દુકાન,મોબાઇલ રીપેર,Paresh Makwana,+91 9007342356,"રૈયા રોડ, રાજકોટ, ગુજરાત",3.8
જય કપડાં અને ફૂટવેર દુકાન,બાઈક રીપેર,Bhavesh Rana,+91 9386117103,"માવડી, રાજકોટ, ગુજરાત",3.1
રાધે ઓટો પાર્ટ્સ અને એસેસરીઝ,પેસ્ટ કન્ટ્રોલ સર્વિસ,Hitesh Makwana,+91 9054283208,"લીમડા ચોક, રાજકોટ, ગુજરાત",4.0
ઓમ કીડ નિયંત્રણ સેવા,આરઓ રીપેર,Vishal Trivedi,+91 9597110354,"માવડી, રાજકોટ, ગુજરાત",3.4
સિદ્ધિ વિનાયક પાણી પુરવઠા,ગેસર રીપેર,Rakesh Bhatt,+91 9275153331,"કલાવડ રોડ, રાજકોટ, ગુજરાત",3.6
સંકલ્પ બુકસ્ટોર,ઇન્ટિરીયર ડિઝાઇનર,Vishal Desai,+91 9972013438,"150 ફૂટ રીંગ રોડ, રાજકોટ, ગુજરાત",3.5
પૂજા હજામની દુકાન,મોબાઇલ રીપેર,Vishal Gandhi,+91 9237459798,"લીમડા ચોક, રાજકોટ, ગુજરાત",4.2
ઓમ પલમ્બર,બાઈક રીપેર,Arvind Prajapati,+91 9990554430,"રૈયા રોડ, રાજકોટ, ગુજરાત",3.7
જય બાઈક રીપેર,હોમ પેઇન્ટિંગ સર્વિસ,Sanjay Joshi,+91 9842385470,"શાપર, રાજકોટ, ગુજરાત",4.7
રાધે જ્વેલરી સ્ટોર,કંપ્યુટર રીપેર,Jignesh Trivedi,+91 9693416578,"જંક્શન રોડ, રાજકોટ, ગુજરાત",3.1
નવકાર ડ્રાઇવિંગ શાળા,કંપ્યુટર રીપેર,Hitesh Makwana,+91 9608707159,"જંક્શન રોડ, રાજકોટ, ગુજરાત",4.2
ઓમ કિરાણા દુકાન,ગેસર રીપેર,Mahesh Shah,+91 9358178087,"સાધુ વસવાણી રોડ, રાજકોટ, ગુજરાત",3.5
પૂજા સેલૂન,કાર્પેન્ટર,Hitesh Gandhi,+91 9954666104,"લીમડા ચોક, રાજકોટ, ગુજરાત",4.3
સંકલ્પ ઈલેક્ટ્રીશિયન,કાર્પેન્ટર,Manish Trivedi,+91 9638553483,"શાપર, રાજકોટ, ગુજરાત",3.3
સિદ્ધિ વિનાયક હજામની દુકાન,ગેસર રીપેર,Paresh Trivedi,+91 9948319465,"સાધુ વસવાણી રોડ, રાજકોટ, ગુજરાત",3.9
પૂજા કાર વૉશ,બાઈક રીપેર,Hitesh Shah,+91 9361675665,"કલાવડ રોડ, રાજકોટ, ગુજરાત",3.1
મહાલક્ષ્મી સutar,હોમ પેઇન્ટિંગ સર્વિસ,Ketan Gandhi,+91 9900603194,"કલાવડ રોડ, રાજકોટ, ગુજરાત",3.4
મહાલક્ષ્મી સેલૂન,બાઈક રીપેર,Mahesh Trivedi,+91 9978927032,"જંક્શન રોડ, રાજકોટ, ગુજરાત",3.3
શ્રી ઈન્ટીરિયર ડિઝાઇનર,પ્લમ્બર,Paresh Patel,+91 9584694065,"માવડી, રાજકોટ, ગુજરાત",4.4
સંકલ્પ ઇલેક્ટ્રોનિક્સ અને મોબાઇલ દુકાન,ગેસર રીપેર,Sanjay Mehta,+91 9267153269,"જંક્શન રોડ, રાજકોટ, ગુજરાત",4.9
રાધે સ્ટેશનરી શોપ,પેસ્ટ કન્ટ્રોલ સર્વિસ,Vishal Gandhi,+91 9216951479,"કલાવડ રોડ, રાજકોટ, ગુજરાત",3.6
ઓમ બાઈક રીપેર,કાર વોશ,Paresh Bhatt,+91 9427622803,"કલાવડ રોડ, રાજકોટ, ગુજરાત",3.4
સિદ્ધિ વિનાયક કાર રીપેર,કાર રીપેર,Bhavesh Bhatt,+91 9869532370,"કોટેચા ચોક, રાજકોટ, ગુજરાત",3.1
રાધે સ્ટેશનરી શોપ,એસી રીપેર,Paresh Patel,+91 9044969009,"રાજપુતપરા, રાજકોટ, ગુજરાત",4.4
જય પલમ્બર,એસી રીપેર,Vishal Gandhi,+91 9017754219,"રૈયા રોડ, રાજકોટ, ગુજરાત",3.4
નવકાર કાર રીપેર,આરઓ રીપેર,Sanjay Gohil,+91 9233870566,"ભક્તિનગર, રાજકોટ, ગુજરાત",3.8
ઓમ ઈલેક્ટ્રીશિયન,કાર્પેન્ટર,Jayesh Jadeja,+91 9106739130,"ગોંડલ રોડ, રાજકોટ, ગુજરાત",5.0
સંકલ્પ ઈલેક્ટ્રીશિયન,ઇન્ટિરીયર ડિઝાઇનર,Mahesh Gandhi,+91 9115685083,"કોટેચા ચોક, રાજકોટ, ગુજરાત",4.2
શ્રી સુપરમાર્કેટ,ડ્રાઇવિંગ સ્કૂલ,Mahesh Mehta,+91 9117275884,"યાગ્નિક રોડ, રાજકોટ, ગુજરાત",4.2
સંકલ્પ ઓટો પાર્ટ્સ અને એસેસરીઝ,પ્લમ્બર,Bhavesh Jadeja,+91 9148946707,"કલાવડ રોડ, રાજકોટ, ગુજરાત",4.4
નવકાર મસાજ સેન્ટર,ડ્રાઇવિંગ સ્કૂલ,Paresh Desai,+91 9640430626,"ગોંડલ રોડ, રાજકોટ, ગુજરાત",3.0
પૂજા કાર વૉશ,કાર વોશ,Rakesh Rana,+91 9837886196,"કલાવડ રોડ, રાજકોટ, ગુજરાત",4.4
મહાલક્ષ્મી કાર રીપેર,પેસ્ટ કન્ટ્રોલ સર્વિસ,Sanjay Joshi,+91 9714971429,"યાગ્નિક રોડ, રાજકોટ, ગુજરાત",4.9
સંકલ્પ સutar,ગેસર રીપેર,Arvind Gohil,+91 9618218026,"150 ફૂટ રીંગ રોડ, રાજકોટ, ગુજરાત",3.7
સંકલ્પ ફર્નિચર અને હોમ ડેકોર સ્ટોર,બાઈક રીપેર,Ketan Bhatt,+91 9140507331,"લીમડા ચોક, રાજકોટ, ગુજરાત",4.9
નવકાર કાર રીપેર,કાર્પેન્ટર,Dipak Chauhan,+91 9872931673,"ભક્તિનગર, રાજકોટ, ગુજરાત",3.1
સિદ્ધિ વિનાયક સ્ટેશનરી શોપ,હોમ ક્લીનિંગ સર્વિસ,Arvind Mehta,+91 9415391886,"ભક્તિનગર, રાજકોટ, ગુજરાત",4.4
મહાલક્ષ્મી પાણી પુરવઠા,કાર રીપેર,Manish Prajapati,+91 9924245184,"કલાવડ રોડ, રાજકોટ, ગુજરાત",4.2
નવકાર ઓટો પાર્ટ્સ અને એસેસરીઝ,એસી રીપેર,Ketan Prajapati,+91 9638000419,"સાધુ વસવાણી રોડ, રાજકોટ, ગુજરાત",3.9
પૂજા બુકસ્ટોર,મોબાઇલ રીપેર,Jayesh Gandhi,+91 9045268832,"શાપર, રાજકોટ, ગુજરાત",4.3
રાધે પિયરસીંગ સ્ટુડિયો,ફ્રિજ રીપેર,Sanjay Chauhan,+91 9163264351,"150 ફૂટ રીંગ રોડ, રાજકોટ, ગુજરાત",5.0
સંકલ્પ ડ્રાઇવિંગ શાળા,બાઈક રીપેર,Arvind Gohil,+91 9353644436,"ગોંડલ રોડ, રાજકોટ, ગુજરાત",3.7
ભક્તિ સ્પા,કાર વોશ,Suresh Gandhi,+91 9132613440,"ગોંડલ રોડ, રાજકોટ, ગુજરાત",3.3
સિદ્ધિ વિનાયક પાણી પુરવઠા,સિક્યોરિટી સર્વિસ,Vishal Jadeja,+91 9485634572,"150 ફૂટ રીંગ રોડ, રાજકોટ, ગુજરાત",3.2
ઓમ સutar,એસી રીપેર,Arvind Patel,+91 9332375983,"લીમડા ચોક, રાજકોટ, ગુજરાત",4.2
ઓમ હજામની દુકાન,કાર્પેન્ટર,Dipak Trivedi,+91 9732752726,"રાજપુતપરા, રાજકોટ, ગુજરાત",4.7
ભક્તિ પાણી પુરવઠા,પેસ્ટ કન્ટ્રોલ સર્વિસ,Arvind Bhatt,+91 9047058196,"યાગ્નિક રોડ, રાજકોટ, ગુજરાત",4.1
રાધે પિયરસીંગ સ્ટુડિયો,ડ્રાઇવિંગ સ્કૂલ,Vishal Shah,+91 9978889741,"ભક્તિનગર, રાજકોટ, ગુજરાત",3.2
ભક્તિ મસાજ સેન્ટર,કાર્પેન્ટર,Sanjay Mehta,+91 9776367139,"માવડી, રાજકોટ, ગુજરાત",4.6
જય કપડાં અને ફૂટવેર દુકાન,હોમ ક્લીનિંગ સર્વિસ,Arvind Mehta,+91 9114732861,"ભક્તિનગર, રાજકોટ, ગુજરાત",4.5
રાધે હજામની દુકાન,પ્લમ્બર,Ketan Joshi,+91 9374342167,"રૈયા રોડ, રાજકોટ, ગુજરાત",4.2
નવકાર ઘર સફાઈ સેવા,પેસ્ટ કન્ટ્રોલ સર્વિસ,Bhavesh Gandhi,+91 9402524116,"શાપર, રાજકોટ, ગુજરાત",4.8
નવકાર કાર રીપેર,કાર રીપેર,Bhavesh Gandhi,+91 9157593494,"જંક્શન રોડ, રાજકોટ, ગુજરાત",3.5
ઓમ ડ્રાઇવિંગ શાળા,સિક્યોરિટી સર્વિસ,Bhavesh Mehta,+91 9124728238,"કોટેચા ચોક, રાજકોટ, ગુજરાત",4.0
જય હજામની દુકાન,ફ્રિજ રીપેર,Hitesh Joshi,+91 9360618760,"ગોંડલ રોડ, રાજકોટ, ગુજરાત",4.4
રાધે કાર વૉશ,એસી રીપેર,Arvind Makwana,+91 9105332806,"જંક્શન રોડ, રાજકોટ, ગુજરાત",3.9
નવકાર કીડ નિયંત્રણ સેવા,આરઓ રીપેર,Rakesh Gandhi,+91 9649338194,"માવડી, રાજકોટ, ગુજરાત",4.0
નવકાર સુપરમાર્કેટ,એસી રીપેર,Dipak Patel,+91 9801833097,"કલાવડ રોડ, રાજકોટ, ગુજરાત",4.6
ઓમ સ્પા,કંપ્યુટર રીપેર,Dipak Bhatt,+91 9520696734,"ગોંડલ રોડ, રાજકોટ, ગુજરાત",3.6
જય ઓટો પાર્ટ્સ અને એસેસરીઝ,સિક્યોરિટી સર્વિસ,Manish Mehta,+91 9583241427,"કોટેચા ચોક, રાજકોટ, ગુજરાત",3.2
શ્રી ઘર સફાઈ સેવા,ઇન્ટિરીયર ડિઝાઇનર,Suresh Gandhi,+91 9597450702,"કોટેચા ચોક, રાજકોટ, ગુજરાત",4.4
ઓમ સ્ટેશનરી શોપ,એસી રીપેર,Sanjay Makwana,+91 9547981068,"ભક્તિનગર, રાજકોટ, ગુજરાત",4.0
જય હજામની દુકાન,આરઓ રીપેર,Hitesh Joshi,+91 9999840116,"જંક્શન રોડ, રાજકોટ, ગુજરાત",4.2
જય પલમ્બર,કંપ્યુટર રીપેર,Dipak Bhatt,+91 9733979554,"સાધુ વસવાણી રોડ, રાજકોટ, ગુજરાત",4.1
ભક્તિ ટેટૂ સ્ટુડિયો,કંપ્યુટર રીપેર,Jayesh Desai,+91 9429409937,"કલાવડ રોડ, રાજકોટ, ગુજરાત",3.5
ઓમ ડ્રાઇવિંગ શાળા,કાર વોશ,Paresh Trivedi,+91 9785725857,"કોટેચા ચોક, રાજકોટ, ગુજરાત",3.7
સંકલ્પ કીડ નિયંત્રણ સેવા,લૉન્ડ્રી સર્વિસ,Mahesh Gohil,+91 9623896557,"સાધુ વસવાણી રોડ, રાજકોટ, ગુજરાત",4.8
શ્રી સutar,કાર રીપેર,Sanjay Rana,+91 9054672322,"રૈયા રોડ, રાજકોટ, ગુજરાત",3.2
મહાલક્ષ્મી પાણી પુરવઠા,બાઈક રીપેર,Manish Dave,+91 9703161088,"જંક્શન રોડ, રાજકોટ, ગુજરાત",4.5
જય મસાજ સેન્ટર,કંપ્યુટર રીપેર,Manish Joshi,+91 9258039937,"જંક્શન રોડ, રાજકોટ, ગુજરાત",3.0
મહાલક્ષ્મી બુકસ્ટોર,હોમ ક્લીનિંગ સર્વિસ,Mahesh Gandhi,+91 9561934116,"રાજપુતપરા, રાજકોટ, ગુજરાત",3.6
સંકલ્પ કપડાં અને ફૂટવેર દુકાન,મોબાઇલ રીપેર,Hitesh Patel,+91 9807750286,"લીમડા ચોક, રાજકોટ, ગુજરાત",4.2
ભક્તિ ઈલેક્ટ્રીશિયન,પેસ્ટ કન્ટ્રોલ સર્વિસ,Jignesh Makwana,+91 9342251289,"150 ફૂટ રીંગ રોડ, રાજકોટ, ગુજરાત",3.6
સિદ્ધિ વિનાયક ઓટો પાર્ટ્સ અને એસેસરીઝ,કંપ્યુટર રીપેર,Sanjay Bhatt,+91 9463973639,"ગોંડલ રોડ, રાજકોટ, ગુજરાત",4.6
સંકલ્પ ઇલેક્ટ્રોનિક્સ અને મોબાઇલ દુકાન,ફ્રિજ રીપેર,Rakesh Shah,+91 9375436728,"શાપર, રાજકોટ, ગુજરાત",4.9
સિદ્ધિ વિનાયક હજામની દુકાન,બાઈક રીપેર,Ketan Patel,+91 9837622235,"શાપર, રાજકોટ, ગુજરાત",4.6
જય કોસ્મેટિક અને સ્કિનકેર સ્ટોર,ઇલેક્ટ્રિશિયન,Arvind Gandhi,+91 9555180323,"શાપર, રાજકોટ, ગુજરાત",4.0
મહાલક્ષ્મી ઓટો પાર્ટ્સ અને એસેસરીઝ,હોમ પેઇન્ટિંગ સર્વિસ,Rakesh Shah,+91 9684053160,"રૈયા રોડ, રાજકોટ, ગુજરાત",4.1
સિદ્ધિ વિનાયક પલમ્બર,સિક્યોરિટી સર્વિસ,Vishal Trivedi,+91 9790294743,"રૈયા રોડ, રાજકોટ, ગુજરાત",3.6
જય કાર રીપેર,ડ્રાઇવિંગ સ્કૂલ,Rakesh Prajapati,+91 9801034555,"રૈયા રોડ, રાજકોટ, ગુજરાત",3.3
સિદ્ધિ વિનાયક કોસ્મેટિક અને સ્કિનકેર સ્ટોર,કાર રીપેર,Rakesh Desai,+91 9968858008,"શાપર, રાજકોટ, ગુજરાત",3.1
ઓમ પલમ્બર,બાઈક રીપેર,Suresh Patel,+91 9602463815,"ભક્તિનગર, રાજકોટ, ગુજરાત",3.2
ઓમ કીડ નિયંત્રણ સેવા,બાઈક રીપેર,Ketan Trivedi,+91 9063151073,"કોટેચા ચોક, રાજકોટ, ગુજરાત",3.9
સિદ્ધિ વિનાયક ઈન્ટીરિયર ડિઝાઇનર,બાઈક રીપેર,Jignesh Desai,+91 9480453681,"કોટેચા ચોક, રાજકોટ, ગુજરાત",3.3
ઓમ ટેટૂ સ્ટુડિયો,આરઓ રીપેર,Manish Mehta,+91 9935731073,"જંક્શન રોડ, રાજકોટ, ગુજરાત",4.1
સંકલ્પ કિરાણા દુકાન,બાઈક રીપેર,Rajesh Jadeja,+91 9136963852,"કલાવડ રોડ, રાજકોટ, ગુજરાત",3.4
પૂજા કિરાણા દુકાન,ફ્રિજ રીપેર,Mahesh Trivedi,+91 9072237952,"લીમડા ચોક, રાજકોટ, ગુજરાત",4.9
રાધે પિયરસીંગ સ્ટુડિયો,હોમ પેઇન્ટિંગ સર્વિસ,Manish Desai,+91 9974314333,"જંક્શન રોડ, રાજકોટ, ગુજરાત",3.9
પૂજા ફર્નિચર અને હોમ ડેકોર સ્ટોર,પ્લમ્બર,Ketan Gohil,+91 9434044993,"કોટેચા ચોક, રાજકોટ, ગુજરાત",4.2
પૂજા ડ્રાઇવિંગ શાળા,એસી રીપેર,Jignesh Desai,+91 9934492817,"માવડી, રાજકોટ, ગુજરાત",3.1
શ્રી પિયરસીંગ સ્ટુડિયો,કાર વોશ,Vishal Mehta,+91 9454939759,"લીમડા ચોક, રાજકોટ, ગુજરાત",4.9
રાધે હજામની દુકાન,ડ્રાઇવિંગ સ્કૂલ,Rajesh Gandhi,+91 9749778559,"શાપર, રાજકોટ, ગુજરાત",4.2
રાધે ઘર સફાઈ સેવા,હોમ પેઇન્ટિંગ સર્વિસ,Paresh Makwana,+91 9213277030,"જંક્શન રોડ, રાજકોટ, ગુજરાત",3.5
સંકલ્પ ટેટૂ સ્ટુડિયો,પ્લમ્બર,Dipak Chauhan,+91 9809625736,"રૈયા રોડ, રાજકોટ, ગુજરાત",3.1
ઓમ ઓટો પાર્ટ્સ અને એસેસરીઝ,ગેસર રીપેર,Jignesh Jadeja,+91 9517398771,"ગોંડલ રોડ, રાજકોટ, ગુજરાત",4.7
રાધે કાર વૉશ,કાર વોશ,Rajesh Mehta,+91 9151055132,"શાપર, રાજકોટ, ગુજરાત",3.5
નવકાર હજામની દુકાન,હોમ ક્લીનિંગ સર્વિસ,Rajesh Desai,+91 9531829376,"યાગ્નિક રોડ, રાજકોટ, ગુજરાત",3.5
નવકાર સ્પા,પેસ્ટ કન્ટ્રોલ સર્વિસ,Hitesh Makwana,+91 9930672619,"શાપર, રાજકોટ, ગુજરાત",3.2
ઓમ ઈલેક્ટ્રીશિયન,લૉન્ડ્રી સર્વિસ,Paresh Rana,+91 9744369764,"કોટેચા ચોક, રાજકોટ, ગુજરાત",3.6
શ્રી સેલૂન,ઇલેક્ટ્રિશિયન,Vishal Shah,+91 9220758279,"150 ફૂટ રીંગ રોડ, રાજકોટ, ગુજરાત",3.3
ઓમ કાર વૉશ,બાઈક રીપેર,Manish Rana,+91 9366706282,"કલાવડ રોડ, રાજકોટ, ગુજરાત",4.8
રાધે પિયરસીંગ સ્ટુડિયો,હોમ ક્લીનિંગ સર્વિસ,Jayesh Mehta,+91 9147673839,"શાપર, રાજકોટ, ગુજરાત",4.8
શ્રી પાણી પુરવઠા,બાઈક રીપેર,Jignesh Mehta,+91 9594943379,"150 ફૂટ રીંગ રોડ, રાજકોટ, ગુજરાત",3.1
નવકાર કીડ નિયંત્રણ સેવા,ગેસર રીપેર,Arvind Prajapati,+91 9967117402,"ગોંડલ રોડ, રાજકોટ, ગુજરાત",4.5
રાધે ઓટો પાર્ટ્સ અને એસેસરીઝ,કંપ્યુટર રીપેર,Mahesh Mehta,+91 9283628650,"શાપર, રાજકોટ, ગુજરાત",3.7
સંકલ્પ પિયરસીંગ સ્ટુડિયો,ઇન્ટિરીયર ડિઝાઇનર,Suresh Rana,+91 9216718296,"રૈયા રોડ, રાજકોટ, ગુજરાત",4.7
સંકલ્પ ઈલેક્ટ્રીશિયન,ફ્રિજ રીપેર,Hitesh Prajapati,+91 9104454346,"150 ફૂટ રીંગ રોડ, રાજકોટ, ગુજરાત",3.7
પૂજા ફર્નિચર અને હોમ ડેકોર સ્ટોર,કાર્પેન્ટર,Suresh Gandhi,+91 9468676067,"યાગ્નિક રોડ, રાજકોટ, ગુજરાત",3.3
સંકલ્પ મસાજ સેન્ટર,બાઈક રીપેર,Ketan Jadeja,+91 9435318306,"લીમડા ચોક, રાજકોટ, ગુજરાત",3.2
ઓમ સutar,કાર્પેન્ટર,Mahesh Rana,+91 9924662062,"150 ફૂટ રીંગ રોડ, રાજકોટ, ગુજરાત",4.0
ઓમ કાર રીપેર,હોમ પેઇન્ટિંગ સર્વિસ,Bhavesh Prajapati,+91 9620240376,"માવડી, રાજકોટ, ગુજરાત",4.0
નવકાર બાઈક રીપેર,ડ્રાઇવિંગ સ્કૂલ,Arvind Jadeja,+91 9180745544,"કોટેચા ચોક, રાજકોટ, ગુજરાત",3.6
મહાલક્ષ્મી ટેટૂ સ્ટુડિયો,ઇન્ટિરીયર ડિઝાઇનર,Paresh Joshi,+91 9896823277,"રૈયા રોડ, રાજકોટ, ગુજરાત",3.5
શ્રી ફર્નિચર અને હોમ ડેકોર સ્ટોર,કંપ્યુટર રીપેર,Jignesh Joshi,+91 9321781550,"જંક્શન રોડ, રાજકોટ, ગુજરાત",4.4
ઓમ સેલૂન,ઇન્ટિરીયર ડિઝાઇનર,Jignesh Shah,+91 9162288598,"રૈયા રોડ, રાજકોટ, ગુજરાત",4.6
રાધે કપડાં અને ફૂટવેર દુકાન,મોબાઇલ રીપેર,Manish Shah,+91 9125250725,"લીમડા ચોક, રાજકોટ, ગુજરાત",4.5
જય જ્વેલરી સ્ટોર,બાઈક રીપેર,Jayesh Gandhi,+91 9970505669,"શાપર, રાજકોટ, ગુજરાત",4.6
નવકાર સુપરમાર્કેટ,આરઓ રીપેર,Mahesh Mehta,+91 9664182323,"કલાવડ રોડ, રાજકોટ, ગુજરાત",4.7
સંકલ્પ જ્વેલરી સ્ટોર,પ્લમ્બર,Mahesh Desai,+91 9366016899,"રાજપુતપરા, રાજકોટ, ગુજરાત",3.3
રાધે ઇલેક્ટ્રોનિક્સ અને મોબાઇલ દુકાન,લૉન્ડ્રી સર્વિસ,Manish Mehta,+91 9289374300,"ગોંડલ રોડ, રાજકોટ, ગુજરાત",3.0
પૂજા કોસ્મેટિક અને સ્કિનકેર સ્ટોર,ગેસર રીપેર,Dipak Dave,+91 9285962075,"ભક્તિનગર, રાજકોટ, ગુજરાત",3.5
મહાલક્ષ્મી પાણી પુરવઠા,સિક્યોરિટી સર્વિસ,Vishal Dave,+91 9186552612,"યાગ્નિક રોડ, રાજકોટ, ગુજરાત",3.9
રાધે સ્ટેશનરી શોપ,બાઈક રીપેર,Mahesh Prajapati,+91 9074103305,"યાગ્નિક રોડ, રાજકોટ, ગુજરાત",3.1
જય કીડ નિયંત્રણ સેવા,બાઈક રીપેર,Vishal Joshi,+91 9281049075,"રૈયા રોડ, રાજકોટ, ગુજરાત",3.6
નવકાર સ્પા,પ્લમ્બર,Vishal Mehta,+91 9571760277,"કલાવડ રોડ, રાજકોટ, ગુજરાત",4.1
પૂજા કાર રીપેર,કાર વોશ,Dipak Trivedi,+91 9875863929,"રાજપુતપરા, રાજકોટ, ગુજરાત",3.2
પૂજા સેલૂન,હોમ પેઇન્ટિંગ સર્વિસ,Jignesh Trivedi,+91 9175473945,"લીમડા ચોક, રાજકોટ, ગુજરાત",3.3
જય પલમ્બર,કાર રીપેર,Ketan Chauhan,+91 9951980933,"રૈયા રોડ, રાજકોટ, ગુજરાત",3.3
સંકલ્પ સ્પા,કાર્પેન્ટર,Hitesh Rana,+91 9643169366,"કલાવડ રોડ, રાજકોટ, ગુજરાત",3.1
સિદ્ધિ વિનાયક ઈન્ટીરિયર ડિઝાઇનર,પેસ્ટ કન્ટ્રોલ સર્વિસ,Hitesh Chauhan,+91 9277985689,"કલાવડ રોડ, રાજકોટ, ગુજરાત",5.0
મહાલક્ષ્મી સutar,ઇન્ટિરીયર ડિઝાઇનર,Ketan Patel,+91 9165093711,"સાધુ વસવાણી રોડ, રાજકોટ, ગુજરાત",3.9
જય ઘર સફાઈ સેવા,હોમ પેઇન્ટિંગ સર્વિસ,Arvind Trivedi,+91 9325881076,"યાગ્નિક રોડ, રાજકોટ, ગુજરાત",3.1
જય કાર વૉશ,કાર વોશ,Bhavesh Dave,+91 9780018244,"શાપર, રાજકોટ, ગુજરાત",3.7
પૂજા ટેટૂ સ્ટુડિયો,લૉન્ડ્રી સર્વિસ,Jignesh Trivedi,+91 9252227108,"યાગ્નિક રોડ, રાજકોટ, ગુજરાત",3.0
સંકલ્પ ફર્નિચર અને હોમ ડેકોર સ્ટોર,કંપ્યુટર રીપેર,Manish Joshi,+91 9748240697,"શાપર, રાજકોટ, ગુજરાત",3.2
શ્રી બુકસ્ટોર,હોમ ક્લીનિંગ સર્વિસ,Jignesh Prajapati,+91 9371892339,"રૈયા રોડ, રાજકોટ, ગુજરાત",4.7
સંકલ્પ કપડાં અને ફૂટવેર દુકાન,કંપ્યુટર રીપેર,Hitesh Prajapati,+91 9522047144,"ભક્તિનગર, રાજકોટ, ગુજરાત",4.4
રાધે ટેટૂ સ્ટુડિયો,કાર્પેન્ટર,Rakesh Gohil,+91 9610446977,"માવડી, રાજકોટ, ગુજરાત",4.8
નવકાર કાર રીપેર,કાર્પેન્ટર,Arvind Dave,+91 9023603457,"કલાવડ રોડ, રાજકોટ, ગુજરાત",4.1
સિદ્ધિ વિનાયક ઇલેક્ટ્રોનિક્સ અને મોબાઇલ દુકાન,લૉન્ડ્રી સર્વિસ,Hitesh Bhatt,+91 9465660493,"માવડી, રાજકોટ, ગુજરાત",4.1
સંકલ્પ સutar,કાર્પેન્ટર,Bhavesh Dave,+91 9596093289,"150 ફૂટ રીંગ રોડ, રાજકોટ, ગુજરાત",4.3
રાધે ઇલેક્ટ્રોનિક્સ અને મોબાઇલ દુકાન,પેસ્ટ કન્ટ્રોલ સર્વિસ,Sanjay Desai,+91 9127972317,"કોટેચા ચોક, રાજકોટ, ગુજરાત",4.0
પૂજા પાણી પુરવઠા,પ્લમ્બર,Paresh Patel,+91 9026976423,"ભક્તિનગર, રાજકોટ, ગુજરાત",3.7
સિદ્ધિ વિનાયક કીડ નિયંત્રણ સેવા,કાર વોશ,Manish Makwana,+91 9034757203,"રાજપુતપરા, રાજકોટ, ગુજરાત",4.6
શ્રી સ્ટેશનરી શોપ,બાઈક રીપેર,Rakesh Prajapati,+91 9192390094,"ભક્તિનગર, રાજકોટ, ગુજરાત",3.2
ઓમ સુપરમાર્કેટ,હોમ ક્લીનિંગ સર્વિસ,Sanjay Joshi,+91 9010862460,"150 ફૂટ રીંગ રોડ, રાજકોટ, ગુજરાત",4.3
ભક્તિ ઓટો પાર્ટ્સ અને એસેસરીઝ,મોબાઇલ રીપેર,Jignesh Bhatt,+91 9151209602,"કોટેચા ચોક, રાજકોટ, ગુજરાત",4.2
ભક્તિ જ્વેલરી સ્ટોર,પ્લમ્બર,Suresh Prajapati,+91 9083538146,"રૈયા રોડ, રાજકોટ, ગુજરાત",3.7
મહાલક્ષ્મી બુકસ્ટોર,કાર્પેન્ટર,Rajesh Joshi,+91 9438325958,"કોટેચા ચોક, રાજકોટ, ગુજરાત",3.9
પૂજા હજામની દુકાન,કાર રીપેર,Hitesh Bhatt,+91 9610993687,"કોટેચા ચોક, રાજકોટ, ગુજરાત",3.5
મહાલક્ષ્મી કપડાં અને ફૂટવેર દુકાન,બાઈક રીપેર,Mahesh Trivedi,+91 9916569572,"માવડી, રાજકોટ, ગુજરાત",3.6
પૂજા સેલૂન,હોમ ક્લીનિંગ સર્વિસ,Rakesh Jadeja,+91 9196987331,"ભક્તિનગર, રાજકોટ, ગુજરાત",3.1
સિદ્ધિ વિનાયક સુપરમાર્કેટ,ડ્રાઇવિંગ સ્કૂલ,Rakesh Trivedi,+91 9492416064,"કોટેચા ચોક, રાજકોટ, ગુજરાત",4.5
રાધે ફર્નિચર અને હોમ ડેકોર સ્ટોર,હોમ પેઇન્ટિંગ સર્વિસ,Jignesh Chauhan,+91 9636864657,"યાગ્નિક રોડ, રાજકોટ, ગુજરાત",3.6
સિદ્ધિ વિનાયક ઓટો પાર્ટ્સ અને એસેસરીઝ,કાર્પેન્ટર,Paresh Gandhi,+91 9260409940,"રાજપુતપરા, રાજકોટ, ગુજરાત",3.8
સંકલ્પ સેલૂન,બાઈક રીપેર,Arvind Chauhan,+91 9281122184,"કલાવડ રોડ, રાજકોટ, ગુજરાત",4.7
મહાલક્ષ્મી બુકસ્ટોર,કાર્પેન્ટર,Ketan Dave,+91 9936750424,"150 ફૂટ રીંગ રોડ, રાજકોટ, ગુજરાત",3.8
જય સુપરમાર્કેટ,કાર્પેન્ટર,Vishal Gohil,+91 9983564325,"કોટેચા ચોક, રાજકોટ, ગુજરાત",3.5
ઓમ બુકસ્ટોર,હોમ ક્લીનિંગ સર્વિસ,Jignesh Mehta,+91 9958602164,"કલાવડ રોડ, રાજકોટ, ગુજરાત",4.1
જય ઇલેક્ટ્રોનિક્સ અને મોબાઇલ દુકાન,કંપ્યુટર રીપેર,Jayesh Rana,+91 9222121744,"માવડી, રાજકોટ, ગુજરાત",4.9
મહાલક્ષ્મી ઇલેક્ટ્રોનિક્સ અને મોબાઇલ દુકાન,બાઈક રીપેર,Bhavesh Chauhan,+91 9188550124,"કોટેચા ચોક, રાજકોટ, ગુજરાત",3.0
શ્રી ઈન્ટીરિયર ડિઝાઇનર,એસી રીપેર,Bhavesh Makwana,+91 9997687290,"સાધુ વસવાણી રોડ, રાજકોટ, ગુજરાત",3.7
સિદ્ધિ વિનાયક પાણી પુરવઠા,હોમ પેઇન્ટિંગ સર્વિસ,Mahesh Gandhi,+91 9706451001,"150 ફૂટ રીંગ રોડ, રાજકોટ, ગુજરાત",3.8
સિદ્ધિ વિનાયક સુપરમાર્કેટ,ઇલેક્ટ્રિશિયન,Jayesh Shah,+91 9595051956,"માવડી, રાજકોટ, ગુજરાત",3.5
સંકલ્પ ઘર સફાઈ સેવા,કાર રીપેર,Suresh Prajapati,+91 9785280047,"ગોંડલ રોડ, રાજકોટ, ગુજરાત",3.6
સિદ્ધિ વિનાયક ઈલેક્ટ્રીશિયન,ઇલેક્ટ્રિશિયન,Mahesh Rana,+91 9378174339,"શાપર, રાજકોટ, ગુજરાત",3.6
મહાલક્ષ્મી કાર રીપેર,સિક્યોરિટી સર્વિસ,Paresh Shah,+91 9876880987,"કલાવડ રોડ, રાજકોટ, ગુજરાત",3.5
સંકલ્પ ઈલેક્ટ્રીશિયન,ઇન્ટિરીયર ડિઝાઇનર,Dipak Makwana,+91 9897720421,"ભક્તિનગર, રાજકોટ, ગુજરાત",4.3
ઓમ મસાજ સેન્ટર,કાર રીપેર,Jayesh Mehta,+91 9540531898,"શાપર, રાજકોટ, ગુજરાત",3.9
જય હજામની દુકાન,પ્લમ્બર,Vishal Joshi,+91 9986326801,"જંક્શન રોડ, રાજકોટ, ગુજરાત",4.8
પૂજા મસાજ સેન્ટર,કાર્પેન્ટર,Sanjay Rana,+91 9887331060,"કલાવડ રોડ, રાજકોટ, ગુજરાત",3.1
મહાલક્ષ્મી સ્પા,મોબાઇલ રીપેર,Sanjay Trivedi,+91 9839200985,"માવડી, રાજકોટ, ગુજરાત",4.7
સિદ્ધિ વિનાયક કોસ્મેટિક અને સ્કિનકેર સ્ટોર,કાર્પેન્ટર,Suresh Patel,+91 9184945367,"ભક્તિનગર, રાજકોટ, ગુજરાત",4.7
નવકાર જ્વેલરી સ્ટોર,પ્લમ્બર,Mahesh Bhatt,+91 9176329562,"સાધુ વસવાણી રોડ, રાજકોટ, ગુજરાત",3.4
પૂજા પલમ્બર,ફ્રિજ રીપેર,Arvind Mehta,+91 9822165725,"માવડી, રાજકોટ, ગુજરાત",4.9
પૂજા બાઈક રીપેર,લૉન્ડ્રી સર્વિસ,Vishal Jadeja,+91 9520847100,"150 ફૂટ રીંગ રોડ, રાજકોટ, ગુજરાત",3.8
સંકલ્પ જ્વેલરી સ્ટોર,બાઈક રીપેર,Arvind Dave,+91 9216836473,"ગોંડલ રોડ, રાજકોટ, ગુજરાત",4.6
રાધે કાર વૉશ,લૉન્ડ્રી સર્વિસ,Mahesh Shah,+91 9321462793,"લીમડા ચોક, રાજકોટ, ગુજરાત",4.9
સિદ્ધિ વિનાયક કીડ નિયંત્રણ સેવા,ફ્રિજ રીપેર,Jignesh Gandhi,+91 9511153085,"કલાવડ રોડ, રાજકોટ, ગુજરાત",3.6
રાધે હજામની દુકાન,કાર્પેન્ટર,Jignesh Joshi,+91 9246397028,"ભક્તિનગર, રાજકોટ, ગુજરાત",4.9
નવકાર સેલૂન,હોમ ક્લીનિંગ સર્વિસ,Vishal Gohil,+91 9132379476,"ગોંડલ રોડ, રાજકોટ, ગુજરાત",3.3
સંકલ્પ કાર રીપેર,કાર વોશ,Ketan Shah,+91 9148830829,"150 ફૂટ રીંગ રોડ, રાજકોટ, ગુજરાત",4.4
જય કાર વૉશ,ફ્રિજ રીપેર,Bhavesh Prajapati,+91 9732019791,"રૈયા રોડ, રાજકોટ, ગુજરાત",3.2
નવકાર સેલૂન,કંપ્યુટર રીપેર,Jayesh Rana,+91 9390266047,"ગોંડલ રોડ, રાજકોટ, ગુજરાત",4.8
ભક્તિ ઈન્ટીરિયર ડિઝાઇનર,હોમ પેઇન્ટિંગ સર્વિસ,Vishal Gandhi,+91 9075460502,"માવડી, રાજકોટ, ગુજરાત",3.9
શ્રી સ્ટેશનરી શોપ,હોમ પેઇન્ટિંગ સર્વિસ,Rakesh Rana,+91 9131692327,"રાજપુતપરા, રાજકોટ, ગુજરાત",4.0
શ્રી કાર રીપેર,કંપ્યુટર રીપેર,Suresh Rana,+91 9870179259,"જંક્શન રોડ, રાજકોટ, ગુજરાત",4.3
શ્રી કાર વૉશ,ફ્રિજ રીપેર,Hitesh Joshi,+91 9400378449,"સાધુ વસવાણી રોડ, રાજકોટ, ગુજરાત",4.6
મહાલક્ષ્મી પિયરસીંગ સ્ટુડિયો,ઇન્ટિરીયર ડિઝાઇનર,Jayesh Trivedi,+91 9982478556,"કલાવડ રોડ, રાજકોટ, ગુજરાત",5.0
ભક્તિ ઓટો પાર્ટ્સ અને એસેસરીઝ,ગેસર રીપેર,Hitesh Makwana,+91 9004018669,"કોટેચા ચોક, રાજકોટ, ગુજરાત",4.9
સંકલ્પ કપડાં અને ફૂટવેર દુકાન,ડ્રાઇવિંગ સ્કૂલ,Hitesh Trivedi,+91 9779406862,"ગોંડલ રોડ, રાજકોટ, ગુજરાત",4.6
રાધે ટેટૂ સ્ટુડિયો,આરઓ રીપેર,Arvind Patel,+91 9064144312,"કલાવડ રોડ, રાજકોટ, ગુજરાત",4.0
સંકલ્પ ડ્રાઇવિંગ શાળા,બાઈક રીપેર,Hitesh Mehta,+91 9695585932,"ગોંડલ રોડ, રાજકોટ, ગુજરાત",3.3
પૂજા સ્ટેશનરી શોપ,કંપ્યુટર રીપેર,Mahesh Makwana,+91 9486114248,"ગોંડલ રોડ, રાજકોટ, ગુજરાત",4.2
સંકલ્પ સ્પા,બાઈક રીપેર,Dipak Jadeja,+91 9068753698,"યાગ્નિક રોડ, રાજકોટ, ગુજરાત",4.9
સંકલ્પ કોસ્મેટિક અને સ્કિનકેર સ્ટોર,પ્લમ્બર,Hitesh Prajapati,+91 9723566575,"ગોંડલ રોડ, રાજકોટ, ગુજરાત",3.1
રાધે કાર વૉશ,મોબાઇલ રીપેર,Vishal Patel,+91 9680097169,"ભક્તિનગર, રાજકોટ, ગુજરાત",3.5
પૂજા પિયરસીંગ સ્ટુડિયો,ડ્રાઇવિંગ સ્કૂલ,Arvind Prajapati,+91 9685263610,"માવડી, રાજકોટ, ગુજરાત",3.2
સંકલ્પ હજામની દુકાન,એસી રીપેર,Rakesh Prajapati,+91 9450208681,"શાપર, રાજકોટ, ગુજરાત",4.2
મહાલક્ષ્મી કાર વૉશ,ઇલેક્ટ્રિશિયન,Paresh Desai,+91 9635867189,"સાધુ વસવાણી રોડ, રાજકોટ, ગુજરાત",4.1
રાધે સુપરમાર્કેટ,કાર રીપેર,Suresh Patel,+91 9641410915,"જંક્શન રોડ, રાજકોટ, ગુજરાત",4.2
ઓમ પલમ્બર,ડ્રાઇવિંગ સ્કૂલ,Manish Prajapati,+91 9001044996,"માવડી, રાજકોટ, ગુજરાત",4.4
પૂજા મસાજ સેન્ટર,આરઓ રીપેર,Hitesh Prajapati,+91 9179189619,"યાગ્નિક રોડ, રાજકોટ, ગુજરાત",4.6
ભક્તિ હજામની દુકાન,ગેસર રીપેર,Mahesh Gandhi,+91 9387469871,"યાગ્નિક રોડ, રાજકોટ, ગુજરાત",3.4
જય કપડાં અને ફૂટવેર દુકાન,ફ્રિજ રીપેર,Hitesh Chauhan,+91 9113051169,"150 ફૂટ રીંગ રોડ, રાજકોટ, ગુજરાત",3.6
જય ઈલેક્ટ્રીશિયન,બાઈક રીપેર,Paresh Shah,+91 9780419877,"રૈયા રોડ, રાજકોટ, ગુજરાત",3.8
મહાલક્ષ્મી કપડાં અને ફૂટવેર દુકાન,હોમ પેઇન્ટિંગ સર્વિસ,Rajesh Gandhi,+91 9545645017,"માવડી, રાજકોટ, ગુજરાત",3.6
સિદ્ધિ વિનાયક ડ્રાઇવિંગ શાળા,સિક્યોરિટી સર્વિસ,Dipak Trivedi,+91 9476932866,"યાગ્નિક રોડ, રાજકોટ, ગુજરાત",4.1
સંકલ્પ જ્વેલરી સ્ટોર,ડ્રાઇવિંગ સ્કૂલ,Ketan Shah,+91 9652956969,"સાધુ વસવાણી રોડ, રાજકોટ, ગુજરાત",4.4
સિદ્ધિ વિનાયક હજામની દુકાન,હોમ ક્લીનિંગ સર્વિસ,Suresh Makwana,+91 9877386714,"સાધુ વસવાણી રોડ, રાજકોટ, ગુજરાત",4.2
શ્રી પિયરસીંગ સ્ટુડિયો,લૉન્ડ્રી સર્વિસ,Jignesh Trivedi,+91 9294501708,"માવડી, રાજકોટ, ગુજરાત",3.6
જય ઘર સફાઈ સેવા,આરઓ રીપેર,Vishal Gandhi,+91 9970690623,"ગોંડલ રોડ, રાજકોટ, ગુજરાત",3.2
ઓમ કોસ્મેટિક અને સ્કિનકેર સ્ટોર,સિક્યોરિટી સર્વિસ,Dipak Desai,+91 9530430508,"માવડી, રાજકોટ, ગુજરાત",3.4
નવકાર મસાજ સેન્ટર,ફ્રિજ રીપેર,Vishal Patel,+91 9218258044,"યાગ્નિક રોડ, રાજકોટ, ગુજરાત",4.9
પૂજા સેલૂન,કાર વોશ,Arvind Desai,+91 9253924722,"કોટેચા ચોક, રાજકોટ, ગુજરાત",4.9
રાધે બુકસ્ટોર,હોમ પેઇન્ટિંગ સર્વિસ,Suresh Prajapati,+91 9904264276,"જંક્શન રોડ, રાજકોટ, ગુજરાત",4.3
પૂજા ઇલેક્ટ્રોનિક્સ અને મોબાઇલ દુકાન,સિક્યોરિટી સર્વિસ,Rakesh Patel,+91 9093429335,"કોટેચા ચોક, રાજકોટ, ગુજરાત",5.0
સિદ્ધિ વિનાયક ઈન્ટીરિયર ડિઝાઇનર,એસી રીપેર,Dipak Chauhan,+91 9707931323,"કોટેચા ચોક, રાજકોટ, ગુજરાત",3.4
રાધે પલમ્બર,આરઓ રીપેર,Vishal Gohil,+91 9141142889,"સાધુ વસવાણી રોડ, રાજકોટ, ગુજરાત",4.8
મહાલક્ષ્મી ઓટો પાર્ટ્સ અને એસેસરીઝ,ડ્રાઇવિંગ સ્કૂલ,Hitesh Trivedi,+91 9353527160,"જંક્શન રોડ, રાજકોટ, ગુજરાત",4.8
સિદ્ધિ વિનાયક સutar,બાઈક રીપેર,Paresh Mehta,+91 9074246127,"રૈયા રોડ, રાજકોટ, ગુજરાત",3.2
નવકાર ઈલેક્ટ્રીશિયન,આરઓ રીપેર,Vishal Mehta,+91 9865393037,"જંક્શન રોડ, રાજકોટ, ગુજરાત",4.3
શ્રી ઘર સફાઈ સેવા,ઇલેક્ટ્રિશિયન,Hitesh Prajapati,+91 9006460518,"રૈયા રોડ, રાજકોટ, ગુજરાત",3.5
પૂજા મસાજ સેન્ટર,કાર્પેન્ટર,Jignesh Dave,+91 9974927707,"સાધુ વસવાણી રોડ, રાજકોટ, ગુજરાત",3.7
જય ઇલેક્ટ્રોનિક્સ અને મોબાઇલ દુકાન,કંપ્યુટર રીપેર,Ketan Rana,+91 9521063082,"શાપર, રાજકોટ, ગુજરાત",3.5
પૂજા પાણી પુરવઠા,કાર્પેન્ટર,Sanjay Makwana,+91 9814246991,"યાગ્નિક રોડ, રાજકોટ, ગુજરાત",4.1
શ્રી કોસ્મેટિક અને સ્કિનકેર સ્ટોર,કાર્પેન્ટર,Manish Patel,+91 9774619812,"માવડી, રાજકોટ, ગુજરાત",4.2
સિદ્ધિ વિનાયક બુકસ્ટોર,કંપ્યુટર રીપેર,Mahesh Bhatt,+91 9405422155,"સાધુ વસવાણી રોડ, રાજકોટ, ગુજરાત",3.7
મહાલક્ષ્મી કાર વૉશ,એસી રીપેર,Manish Jadeja,+91 9435959050,"ભક્તિનગર, રાજકોટ, ગુજરાત",4.9
ભક્તિ ઇલેક્ટ્રોનિક્સ અને મોબાઇલ દુકાન,લૉન્ડ્રી સર્વિસ,Jayesh Jadeja,+91 9276268094,"લીમડા ચોક, રાજકોટ, ગુજરાત",4.6
સિદ્ધિ વિનાયક ઈલેક્ટ્રીશિયન,કાર્પેન્ટર,Rakesh Gandhi,+91 9054478542,"રૈયા રોડ, રાજકોટ, ગુજરાત",3.5
સિદ્ધિ વિનાયક હજામની દુકાન,મોબાઇલ રીપેર,Rajesh Gandhi,+91 9062056166,"ગોંડલ રોડ, રાજકોટ, ગુજરાત",4.9
ઓમ કોસ્મેટિક અને સ્કિનકેર સ્ટોર,ગેસર રીપેર,Bhavesh Rana,+91 9843705229,"જંક્શન રોડ, રાજકોટ, ગુજરાત",4.7
મહાલક્ષ્મી મસાજ સેન્ટર,સિક્યોરિટી સર્વિસ,Jayesh Rana,+91 9270473896,"150 ફૂટ રીંગ રોડ, રાજકોટ, ગુજરાત",3.7
પૂજા પલમ્બર,આરઓ રીપેર,Jayesh Patel,+91 9745889832,"150 ફૂટ રીંગ રોડ, રાજકોટ, ગુજરાત",3.2
ઓમ સ્ટેશનરી શોપ,લૉન્ડ્રી સર્વિસ,Sanjay Jadeja,+91 9849528124,"150 ફૂટ રીંગ રોડ, રાજકોટ, ગુજરાત",4.8
ભક્તિ સ્પા,સિક્યોરિટી સર્વિસ,Vishal Chauhan,+91 9408892639,"લીમડા ચોક, રાજકોટ, ગુજરાત",3.6
ઓમ સેલૂન,બાઈક રીપેર,Manish Chauhan,+91 9861621601,"માવડી, રાજકોટ, ગુજરાત",4.8
રાધે ઇલેક્ટ્રોનિક્સ અને મોબાઇલ દુકાન,કાર રીપેર,Rakesh Gohil,+91 9654654782,"લીમડા ચોક, રાજકોટ, ગુજરાત",4.5
સિદ્ધિ વિનાયક બાઈક રીપેર,કંપ્યુટર રીપેર,Hitesh Rana,+91 9717769010,"રાજપુતપરા, રાજકોટ, ગુજરાત",4.2
સંકલ્પ બુકસ્ટોર,પ્લમ્બર,Rakesh Shah,+91 9958596087,"શાપર, રાજકોટ, ગુજરાત",4.5
સંકલ્પ બાઈક રીપેર,કાર વોશ,Rajesh Patel,+91 9991506878,"સાધુ વસવાણી રોડ, રાજકોટ, ગુજરાત",3.8
મહાલક્ષ્મી કાર વૉશ,પ્લમ્બર,Sanjay Chauhan,+91 9549053309,"કોટેચા ચોક, રાજકોટ, ગુજરાત",3.7
શ્રી કાર રીપેર,આરઓ રીપેર,Vishal Gandhi,+91 9327522307,"ભક્તિનગર, રાજકોટ, ગુજરાત",3.7
ભક્તિ સutar,આરઓ રીપેર,Jayesh Joshi,+91 9902294571,"રાજપુતપરા, રાજકોટ, ગુજરાત",3.2
નવકાર પિયરસીંગ સ્ટુડિયો,ફ્રિજ રીપેર,Paresh Chauhan,+91 9050333570,"જંક્શન રોડ, રાજકોટ, ગુજરાત",4.6
સંકલ્પ ડ્રાઇવિંગ શાળા,એસી રીપેર,Jignesh Jadeja,+91 9104467197,"કલાવડ રોડ, રાજકોટ, ગુજરાત",3.8
પૂજા કોસ્મેટિક અને સ્કિનકેર સ્ટોર,ઇન્ટિરીયર ડિઝાઇનર,Manish Shah,+91 9780925958,"ગોંડલ રોડ, રાજકોટ, ગુજરાત",4.1
રાધે ડ્રાઇવિંગ શાળા,હોમ ક્લીનિંગ સર્વિસ,Vishal Rana,+91 9570323716,"જંક્શન રોડ, રાજકોટ, ગુજરાત",4.5
જય પલમ્બર,કાર્પેન્ટર,Jignesh Makwana,+91 9051848446,"ગોંડલ રોડ, રાજકોટ, ગુજરાત",4.3
શ્રી મસાજ સેન્ટર,એસી રીપેર,Hitesh Rana,+91 9142742375,"કલાવડ રોડ, રાજકોટ, ગુજરાત",4.4
રાધે હજામની દુકાન,સિક્યોરિટી સર્વિસ,Jayesh Prajapati,+91 9366996704,"કલાવડ રોડ, રાજકોટ, ગુજરાત",4.0
નવકાર પિયરસીંગ સ્ટુડિયો,પ્લમ્બર,Jayesh Joshi,+91 9950653675,"શાપર, રાજકોટ, ગુજરાત",4.6
ભક્તિ મસાજ સેન્ટર,હોમ ક્લીનિંગ સર્વિસ,Suresh Joshi,+91 9314784399,"કલાવડ રોડ, રાજકોટ, ગુજરાત",4.5
શ્રી સ્ટેશનરી શોપ,એસી રીપેર,Ketan Trivedi,+91 9040050864,"શાપર, રાજકોટ, ગુજરાત",4.4
સંકલ્પ મસાજ સેન્ટર,ફ્રિજ રીપેર,Sanjay Bhatt,+91 9482721064,"રાજપુતપરા, રાજકોટ, ગુજરાત",3.2
જય કપડાં અને ફૂટવેર દુકાન,આરઓ રીપેર,Bhavesh Jadeja,+91 9207868180,"સાધુ વસવાણી રોડ, રાજકોટ, ગુજરાત",3.2
પૂજા હજામની દુકાન,બાઈક રીપેર,Rajesh Gohil,+91 9981021660,"જંક્શન રોડ, રાજકોટ, ગુજરાત",4.3
ભક્તિ પાણી પુરવઠા,આરઓ રીપેર,Manish Rana,+91 9123632256,"માવડી, રાજકોટ, ગુજરાત",3.5
નવકાર ઈલેક્ટ્રીશિયન,બાઈક રીપેર,Paresh Trivedi,+91 9224486820,"ગોંડલ રોડ, રાજકોટ, ગુજરાત",3.9
શ્રી સ્પા,ઇન્ટિરીયર ડિઝાઇનર,Bhavesh Rana,+91 9259595691,"ગોંડલ રોડ, રાજકોટ, ગુજરાત",4.8
શ્રી મસાજ સેન્ટર,આરઓ રીપેર,Bhavesh Shah,+91 9798135952,"સાધુ વસવાણી રોડ, રાજકોટ, ગુજરાત",3.8
ઓમ ટેટૂ સ્ટુડિયો,બાઈક રીપેર,Ketan Makwana,+91 9963600905,"150 ફૂટ રીંગ રોડ, રાજકોટ, ગુજરાત",4.4
સંકલ્પ બુકસ્ટોર,બાઈક રીપેર,Arvind Prajapati,+91 9258385831,"લીમડા ચોક, રાજકોટ, ગુજરાત",4.2
પૂજા કાર વૉશ,ફ્રિજ રીપેર,Ketan Chauhan,+91 9369656468,"સાધુ વસવાણી રોડ, રાજકોટ, ગુજરાત",5.0
શ્રી ઈન્ટીરિયર ડિઝાઇનર,એસી રીપેર,Mahesh Shah,+91 9191092792,"યાગ્નિક રોડ, રાજકોટ, ગુજરાત",4.5
નવકાર સેલૂન,ઇન્ટિરીયર ડિઝાઇનર,Bhavesh Patel,+91 9215709019,"જંક્શન રોડ, રાજકોટ, ગુજરાત",4.7
ઓમ મસાજ સેન્ટર,મોબાઇલ રીપેર,Sanjay Jadeja,+91 9452800433,"કોટેચા ચોક, રાજકોટ, ગુજરાત",3.2
ભક્તિ ડ્રાઇવિંગ શાળા,ફ્રિજ રીપેર,Paresh Shah,+91 9602957384,"યાગ્નિક રોડ, રાજકોટ, ગુજરાત",4.8
જય કિરાણા દુકાન,ગેસર રીપેર,Hitesh Prajapati,+91 9520187644,"સાધુ વસવાણી રોડ, રાજકોટ, ગુજરાત",4.3
શ્રી કોસ્મેટિક અને સ્કિનકેર સ્ટોર,કાર વોશ,Arvind Makwana,+91 9629664992,"સાધુ વસવાણી રોડ, રાજકોટ, ગુજરાત",4.2
શ્રી સુપરમાર્કેટ,બાઈક રીપેર,Rakesh Gohil,+91 9579259599,"ભક્તિનગર, રાજકોટ, ગુજરાત",3.6
ભક્તિ પિયરસીંગ સ્ટુડિયો,ગેસર રીપેર,Ketan Patel,+91 9834944469,"યાગ્નિક રોડ, રાજકોટ, ગુજરાત",3.3
મહાલક્ષ્મી કોસ્મેટિક અને સ્કિનકેર સ્ટોર,એસી રીપેર,Suresh Bhatt,+91 9041363089,"રાજપુતપરા, રાજકોટ, ગુજરાત",3.3
જય ઓટો પાર્ટ્સ અને એસેસરીઝ,ડ્રાઇવિંગ સ્કૂલ,Bhavesh Bhatt,+91 9949940243,"શાપર, રાજકોટ, ગુજરાત",4.2
ઓમ સ્ટેશનરી શોપ,આરઓ રીપેર,Manish Rana,+91 9155440804,"કોટેચા ચોક, રાજકોટ, ગુજરાત",4.9
જય કીડ નિયંત્રણ સેવા,પ્લમ્બર,Ketan Gandhi,+91 9009065852,"ભક્તિનગર, રાજકોટ, ગુજરાત",4.8
શ્રી ઘર સફાઈ સેવા,સિક્યોરિટી સર્વિસ,Hitesh Gohil,+91 9978524413,"ગોંડલ રોડ, રાજકોટ, ગુજરાત",4.4
રાધે ઇલેક્ટ્રોનિક્સ અને મોબાઇલ દુકાન,કંપ્યુટર રીપેર,Jayesh Rana,+91 9967761417,"યાગ્નિક રોડ, રાજકોટ, ગુજરાત",4.1
સિદ્ધિ વિનાયક ઓટો પાર્ટ્સ અને એસેસરીઝ,ડ્રાઇવિંગ સ્કૂલ,Mahesh Dave,+91 9932984621,"સાધુ વસવાણી રોડ, રાજકોટ, ગુજરાત",3.3
સિદ્ધિ વિનાયક કોસ્મેટિક અને સ્કિનકેર સ્ટોર,એસી રીપેર,Manish Makwana,+91 9175166220,"150 ફૂટ રીંગ રોડ, રાજકોટ, ગુજરાત",4.1
પૂજા ફર્નિચર અને હોમ ડેકોર સ્ટોર,બાઈક રીપેર,Jignesh Mehta,+91 9076156573,"માવડી, રાજકોટ, ગુજરાત",4.5
પૂજા ઇલેક્ટ્રોનિક્સ અને મોબાઇલ દુકાન,આરઓ રીપેર,Suresh Dave,+91 9281650546,"ભક્તિનગર, રાજકોટ, ગુજરાત",4.6
જય સutar,ડ્રાઇવિંગ સ્કૂલ,Bhavesh Desai,+91 9810042034,"માવડી, રાજકોટ, ગુજરાત",4.6
નવકાર કપડાં અને ફૂટવેર દુકાન,હોમ પેઇન્ટિંગ સર્વિસ,Jignesh Makwana,+91 9422651062,"ગોંડલ રોડ, રાજકોટ, ગુજરાત",4.0
સંકલ્પ ઈન્ટીરિયર ડિઝાઇનર,હોમ ક્લીનિંગ સર્વિસ,Rakesh Rana,+91 9582145706,"કલાવડ રોડ, રાજકોટ, ગુજરાત",4.6
જય ઇલેક્ટ્રોનિક્સ અને મોબાઇલ દુકાન,મોબાઇલ રીપેર,Arvind Dave,+91 9956122442,"જંક્શન રોડ, રાજકોટ, ગુજરાત",3.4
નવકાર સુપરમાર્કેટ,હોમ પેઇન્ટિંગ સર્વિસ,Sanjay Joshi,+91 9861425448,"જંક્શન રોડ, રાજકોટ, ગુજરાત",3.7
શ્રી ઓટો પાર્ટ્સ અને એસેસરીઝ,પેસ્ટ કન્ટ્રોલ સર્વિસ,Paresh Joshi,+91 9557898637,"સાધુ વસવાણી રોડ, રાજકોટ, ગુજરાત",4.4
શ્રી ડ્રાઇવિંગ શાળા,બાઈક રીપેર,Manish Trivedi,+91 9811782550,"ભક્તિનગર, રાજકોટ, ગુજરાત",4.2
ભક્તિ કપડાં અને ફૂટવેર દુકાન,સિક્યોરિટી સર્વિસ,Ketan Jadeja,+91 9786996575,"કોટેચા ચોક, રાજકોટ, ગુજરાત",4.4
રાધે ઈન્ટીરિયર ડિઝાઇનર,ગેસર રીપેર,Manish Dave,+91 9775841585,"સાધુ વસવાણી રોડ, રાજકોટ, ગુજરાત",4.2
પૂજા ઈલેક્ટ્રીશિયન,ઇલેક્ટ્રિશિયન,Jignesh Chauhan,+91 9348640345,"સાધુ વસવાણી રોડ, રાજકોટ, ગુજરાત",3.8
રાધે ઈલેક્ટ્રીશિયન,હોમ ક્લીનિંગ સર્વિસ,Manish Bhatt,+91 9449807633,"રાજપુતપરા, રાજકોટ, ગુજરાત",3.5
સિદ્ધિ વિનાયક પલમ્બર,કાર રીપેર,Bhavesh Dave,+91 9320105461,"લીમડા ચોક, રાજકોટ, ગુજરાત",3.3
જય કિરાણા દુકાન,મોબાઇલ રીપેર,Suresh Jadeja,+91 9351090693,"લીમડા ચોક, રાજકોટ, ગુજરાત",3.0
ઓમ જ્વેલરી સ્ટોર,પ્લમ્બર,Rajesh Desai,+91 9527791731,"ભક્તિનગર, રાજકોટ, ગુજરાત",3.5
નવકાર ફર્નિચર અને હોમ ડેકોર સ્ટોર,આરઓ રીપેર,Mahesh Gandhi,+91 9768721656,"રૈયા રોડ, રાજકોટ, ગુજરાત",4.2
જય ઈલેક્ટ્રીશિયન,કંપ્યુટર રીપેર,Jignesh Bhatt,+91 9057040059,"કોટેચા ચોક, રાજકોટ, ગુજરાત",4.3
સિદ્ધિ વિનાયક કીડ નિયંત્રણ સેવા,બાઈક રીપેર,Paresh Makwana,+91 9043965848,"કલાવડ રોડ, રાજકોટ, ગુજરાત",4.9
સિદ્ધિ વિનાયક કપડાં અને ફૂટવેર દુકાન,આરઓ રીપેર,Dipak Gohil,+91 9649587226,"કલાવડ રોડ, રાજકોટ, ગુજરાત",3.8
ભક્તિ કોસ્મેટિક અને સ્કિનકેર સ્ટોર,બાઈક રીપેર,Paresh Gohil,+91 9286007710,"શાપર, રાજકોટ, ગુજરાત",3.5
ઓમ બુકસ્ટોર,કાર વોશ,Bhavesh Bhatt,+91 9036352330,"ગોંડલ રોડ, રાજકોટ, ગુજરાત",3.8
મહાલક્ષ્મી ટેટૂ સ્ટુડિયો,કંપ્યુટર રીપેર,Ketan Gohil,+91 9012072860,"રાજપુતપરા, રાજકોટ, ગુજરાત",4.5
નવકાર સ્પા,લૉન્ડ્રી સર્વિસ,Paresh Makwana,+91 9258651683,"રૈયા રોડ, રાજકોટ, ગુજરાત",4.1
મહાલક્ષ્મી સ્પા,એસી રીપેર,Dipak Rana,+91 9491261180,"કલાવડ રોડ, રાજકોટ, ગુજરાત",4.9
રાધે કાર રીપેર,લૉન્ડ્રી સર્વિસ,Hitesh Rana,+91 9222035450,"કોટેચા ચોક, રાજકોટ, ગુજરાત",4.8
ઓમ કાર વૉશ,કાર વોશ,Sanjay Patel,+91 9120934610,"શાપર, રાજકોટ, ગુજરાત",3.6
જય કપડાં અને ફૂટવેર દુકાન,આરઓ રીપેર,Dipak Mehta,+91 9209488577,"ગોંડલ રોડ, રાજકોટ, ગુજરાત",4.4
મહાલક્ષ્મી સુપરમાર્કેટ,ગેસર રીપેર,Rajesh Gohil,+91 9394683410,"શાપર, રાજકોટ, ગુજરાત",4.8
જય કીડ નિયંત્રણ સેવા,મોબાઇલ રીપેર,Jignesh Gandhi,+91 9330187188,"ગોંડલ રોડ, રાજકોટ, ગુજરાત",3.3
સિદ્ધિ વિનાયક પાણી પુરવઠા,ગેસર રીપેર,Jayesh Prajapati,+91 9771770421,"માવડી, રાજકોટ, ગુજરાત",3.7
ભક્તિ પલમ્બર,કંપ્યુટર રીપેર,Rajesh Gohil,+91 9311739127,"માવડી, રાજકોટ, ગુજરાત",3.3
નવકાર ઈલેક્ટ્રીશિયન,ગેસર રીપેર,Jignesh Dave,+91 9869830719,"માવડી, રાજકોટ, ગુજરાત",3.7
ભક્તિ સેલૂન,કંપ્યુટર રીપેર,Rakesh Makwana,+91 9481815423,"150 ફૂટ રીંગ રોડ, રાજકોટ, ગુજરાત",3.8
ભક્તિ ઈન્ટીરિયર ડિઝાઇનર,હોમ પેઇન્ટિંગ સર્વિસ,Bhavesh Shah,+91 9188226709,"રાજપુતપરા, રાજકોટ, ગુજરાત",5.0
નવકાર ઈલેક્ટ્રીશિયન,કાર રીપેર,Arvind Chauhan,+91 9760546313,"જંક્શન રોડ, રાજકોટ, ગુજરાત",4.6
સંકલ્પ સુપરમાર્કેટ,કાર વોશ,Mahesh Jadeja,+91 9539449470,"ગોંડલ રોડ, રાજકોટ, ગુજરાત",3.2
શ્રી સ્ટેશનરી શોપ,સિક્યોરિટી સર્વિસ,Paresh Makwana,+91 9692368391,"યાગ્નિક રોડ, રાજકોટ, ગુજરાત",4.5
સિદ્ધિ વિનાયક કિરાણા દુકાન,કંપ્યુટર રીપેર,Ketan Shah,+91 9043307769,"કોટેચા ચોક, રાજકોટ, ગુજરાત",3.9
નવકાર પિયરસીંગ સ્ટુડિયો,ફ્રિજ રીપેર,Ketan Chauhan,+91 9331176457,"જંક્શન રોડ, રાજકોટ, ગુજરાત",3.1
મહાલક્ષ્મી બુકસ્ટોર,લૉન્ડ્રી સર્વિસ,Jignesh Joshi,+91 9096584504,"કલાવડ રોડ, રાજકોટ, ગુજરાત",3.4
ભક્તિ કિરાણા દુકાન,ગેસર રીપેર,Bhavesh Shah,+91 9638530236,"જંક્શન રોડ, રાજકોટ, ગુજરાત",4.6
સંકલ્પ ઓટો પાર્ટ્સ અને એસેસરીઝ,કાર્પેન્ટર,Jayesh Dave,+91 9297330948,"યાગ્નિક રોડ, રાજકોટ, ગુજરાત",3.0
સિદ્ધિ વિનાયક સેલૂન,સિક્યોરિટી સર્વિસ,Rakesh Shah,+91 9903192632,"માવડી, રાજકોટ, ગુજરાત",4.2
મહાલક્ષ્મી ડ્રાઇવિંગ શાળા,મોબાઇલ રીપેર,Rakesh Trivedi,+91 9910156225,"સાધુ વસવાણી રોડ, રાજકોટ, ગુજરાત",3.9
સંકલ્પ ઓટો પાર્ટ્સ અને એસેસરીઝ,આરઓ રીપેર,Jayesh Makwana,+91 9277322776,"ભક્તિનગર, રાજકોટ, ગુજરાત",4.8
સંકલ્પ સેલૂન,હોમ પેઇન્ટિંગ સર્વિસ,Arvind Chauhan,+91 9242898760,"લીમડા ચોક, રાજકોટ, ગુજરાત",3.9
શ્રી સ્ટેશનરી શોપ,કાર રીપેર,Suresh Chauhan,+91 9378628749,"કલાવડ રોડ, રાજકોટ, ગુજરાત",3.9
પૂજા મસાજ સેન્ટર,ઇલેક્ટ્રિશિયન,Manish Chauhan,+91 9667646146,"ભક્તિનગર, રાજકોટ, ગુજરાત",4.3
સંકલ્પ ડ્રાઇવિંગ શાળા,કંપ્યુટર રીપેર,Ketan Dave,+91 9849736471,"માવડી, રાજકોટ, ગુજરાત",4.4
ઓમ મસાજ સેન્ટર,બાઈક રીપેર,Rakesh Rana,+91 9363059836,"સાધુ વસવાણી રોડ, રાજકોટ, ગુજરાત",4.4
ઓમ પલમ્બર,હોમ ક્લીનિંગ સર્વિસ,Jayesh Prajapati,+91 9562298997,"જંક્શન રોડ, રાજકોટ, ગુજરાત",3.6
ઓમ મસાજ સેન્ટર,ઇન્ટિરીયર ડિઝાઇનર,Vishal Bhatt,+91 9349499936,"લીમડા ચોક, રાજકોટ, ગુજરાત",4.3
જય મસાજ સેન્ટર,કાર્પેન્ટર,Bhavesh Jadeja,+91 9396734094,"કલાવડ રોડ, રાજકોટ, ગુજરાત",4.0
ઓમ કાર રીપેર,કંપ્યુટર રીપેર,Rakesh Mehta,+91 9909173383,"રૈયા રોડ, રાજકોટ, ગુજરાત",4.6
ઓમ ઓટો પાર્ટ્સ અને એસેસરીઝ,કાર રીપેર,Mahesh Rana,+91 9026245562,"સાધુ વસવાણી રોડ, રાજકોટ, ગુજરાત",4.1
ભક્તિ સutar,ડ્રાઇવિંગ સ્કૂલ,Vishal Dave,+91 9931037390,"કોટેચા ચોક, રાજકોટ, ગુજરાત",3.3
ઓમ ડ્રાઇવિંગ શાળા,પેસ્ટ કન્ટ્રોલ સર્વિસ,Manish Chauhan,+91 9086055105,"150 ફૂટ રીંગ રોડ, રાજકોટ, ગુજરાત",4.5
જય ઘર સફાઈ સેવા,ઇન્ટિરીયર ડિઝાઇનર,Hitesh Patel,+91 9968196485,"યાગ્નિક રોડ, રાજકોટ, ગુજરાત",4.6
સિદ્ધિ વિનાયક પાણી પુરવઠા,ઇલેક્ટ્રિશિયન,Dipak Jadeja,+91 9750073275,"યાગ્નિક રોડ, રાજકોટ, ગુજરાત",4.3
ભક્તિ ડ્રાઇવિંગ શાળા,કાર્પેન્ટર,Bhavesh Dave,+91 9919128696,"રાજપુતપરા, રાજકોટ, ગુજરાત",3.2
ભક્તિ પલમ્બર,ગેસર રીપેર,Bhavesh Chauhan,+91 9901674352,"સાધુ વસવાણી રોડ, રાજકોટ, ગુજરાત",3.8
સિદ્ધિ વિનાયક પિયરસીંગ સ્ટુડિયો,ડ્રાઇવિંગ સ્કૂલ,Ketan Joshi,+91 9887554145,"કોટેચા ચોક, રાજકોટ, ગુજરાત",3.8
જય ઈન્ટીરિયર ડિઝાઇનર,સિક્યોરિટી સર્વિસ,Sanjay Makwana,+91 9043956839,"લીમડા ચોક, રાજકોટ, ગુજરાત",3.4
જય પાણી પુરવઠા,કંપ્યુટર રીપેર,Jayesh Jadeja,+91 9367897056,"કલાવડ રોડ, રાજકોટ, ગુજરાત",4.9
જય સutar,લૉન્ડ્રી સર્વિસ,Sanjay Bhatt,+91 9767663007,"ગોંડલ રોડ, રાજકોટ, ગુજરાત",3.1
નવકાર ડ્રાઇવિંગ શાળા,બાઈક રીપેર,Rajesh Gohil,+91 9321821514,"150 ફૂટ રીંગ રોડ, રાજકોટ, ગુજરાત",4.8
ભક્તિ સેલૂન,કાર વોશ,Mahesh Patel,+91 9495140291,"યાગ્નિક રોડ, રાજકોટ, ગુજરાત",4.0
સિદ્ધિ વિનાયક કીડ નિયંત્રણ સેવા,કંપ્યુટર રીપેર,Bhavesh Gandhi,+91 9002441404,"યાગ્નિક રોડ, રાજકોટ, ગુજરાત",3.3
શ્રી સેલૂન,કાર રીપેર,Rakesh Trivedi,+91 9634821974,"રૈયા રોડ, રાજકોટ, ગુજરાત",4.4
મહાલક્ષ્મી કિરાણા દુકાન,કાર વોશ,Jayesh Patel,+91 9599018718,"સાધુ વસવાણી રોડ, રાજકોટ, ગુજરાત",3.3
સંકલ્પ બાઈક રીપેર,હોમ ક્લીનિંગ સર્વિસ,Rakesh Prajapati,+91 9891084822,"ભક્તિનગર, રાજકોટ, ગુજરાત",4.6
જય કીડ નિયંત્રણ સેવા,ઇલેક્ટ્રિશિયન,Dipak Chauhan,+91 9283258401,"કોટેચા ચોક, રાજકોટ, ગુજરાત",3.4
નવકાર ઇલેક્ટ્રોનિક્સ અને મોબાઇલ દુકાન,બાઈક રીપેર,Paresh Makwana,+91 9849814763,"લીમડા ચોક, રાજકોટ, ગુજરાત",4.7
ભક્તિ ઈન્ટીરિયર ડિઝાઇનર,ફ્રિજ રીપેર,Suresh Joshi,+91 9590105394,"યાગ્નિક રોડ, રાજકોટ, ગુજરાત",4.1
મહાલક્ષ્મી જ્વેલરી સ્ટોર,બાઈક રીપેર,Suresh Mehta,+91 9009609837,"ભક્તિનગર, રાજકોટ, ગુજરાત",4.4
મહાલક્ષ્મી હજામની દુકાન,કાર રીપેર,Rajesh Joshi,+91 9698094341,"લીમડા ચોક, રાજકોટ, ગુજરાત",3.2
રાધે સ્ટેશનરી શોપ,મોબાઇલ રીપેર,Suresh Dave,+91 9973733001,"ગોંડલ રોડ, રાજકોટ, ગુજરાત",4.6
સંકલ્પ સ્ટેશનરી શોપ,ડ્રાઇવિંગ સ્કૂલ,Dipak Desai,+91 9710546021,"રાજપુતપરા, રાજકોટ, ગુજરાત",4.6
સિદ્ધિ વિનાયક હજામની દુકાન,ફ્રિજ રીપેર,Arvind Gohil,+91 9733878279,"જંક્શન રોડ, રાજકોટ, ગુજરાત",3.1
ઓમ કીડ નિયંત્રણ સેવા,હોમ પેઇન્ટિંગ સર્વિસ,Dipak Joshi,+91 9904521325,"રૈયા રોડ, રાજકોટ, ગુજરાત",3.4
નવકાર પાણી પુરવઠા,એસી રીપેર,Sanjay Shah,+91 9397876703,"રાજપુતપરા, રાજકોટ, ગુજરાત",3.0
નવકાર પિયરસીંગ સ્ટુડિયો,કાર વોશ,Paresh Chauhan,+91 9875369099,"કોટેચા ચોક, રાજકોટ, ગુજરાત",3.7
રાધે કોસ્મેટિક અને સ્કિનકેર સ્ટોર,ડ્રાઇવિંગ સ્કૂલ,Manish Chauhan,+91 9260992743,"રૈયા રોડ, રાજકોટ, ગુજરાત",3.7
જય પિયરસીંગ સ્ટુડિયો,કંપ્યુટર રીપેર,Jayesh Prajapati,+91 9480835728,"કોટેચા ચોક, રાજકોટ, ગુજરાત",3.3
રાધે કિરાણા દુકાન,આરઓ રીપેર,Jayesh Trivedi,+91 9443941396,"કલાવડ રોડ, રાજકોટ, ગુજરાત",3.5
ઓમ પાણી પુરવઠા,આરઓ રીપેર,Rakesh Jadeja,+91 9217381724,"ગોંડલ રોડ, રાજકોટ, ગુજરાત",4.3
જય ટેટૂ સ્ટુડિયો,લૉન્ડ્રી સર્વિસ,Ketan Rana,+91 9570814165,"શાપર, રાજકોટ, ગુજરાત",4.4
સિદ્ધિ વિનાયક કીડ નિયંત્રણ સેવા,કંપ્યુટર રીપેર,Manish Chauhan,+91 9069221738,"કલાવડ રોડ, રાજકોટ, ગુજરાત",3.5
ઓમ સ્ટેશનરી શોપ,ઇન્ટિરીયર ડિઝાઇનર,Bhavesh Makwana,+91 9340548351,"કલાવડ રોડ, રાજકોટ, ગુજરાત",4.7
નવકાર સુપરમાર્કેટ,લૉન્ડ્રી સર્વિસ,Suresh Chauhan,+91 9964748766,"યાગ્નિક રોડ, રાજકોટ, ગુજરાત",4.4
પૂજા ટેટૂ સ્ટુડિયો,ઇલેક્ટ્રિશિયન,Jayesh Bhatt,+91 9237966213,"ભક્તિનગર, રાજકોટ, ગુજરાત",3.0
ઓમ બુકસ્ટોર,ઇલેક્ટ્રિશિયન,Rajesh Prajapati,+91 9229135952,"માવડી, રાજકોટ, ગુજરાત",3.5
ઓમ સેલૂન,કાર્પેન્ટર,Vishal Gohil,+91 9276879962,"150 ફૂટ રીંગ રોડ, રાજકોટ, ગુજરાત",3.6
પૂજા કીડ નિયંત્રણ સેવા,હોમ ક્લીનિંગ સર્વિસ,Rakesh Patel,+91 9034453396,"રાજપુતપરા, રાજકોટ, ગુજરાત",3.9
નવકાર કાર વૉશ,ઇલેક્ટ્રિશિયન,Dipak Shah,+91 9527367726,"ગોંડલ રોડ, રાજકોટ, ગુજરાત",4.7
ઓમ કીડ નિયંત્રણ સેવા,કાર રીપેર,Sanjay Bhatt,+91 9743539620,"રાજપુતપરા, રાજકોટ, ગુજરાત",3.6
રાધે કાર વૉશ,કંપ્યુટર રીપેર,Rajesh Shah,+91 9937882993,"કલાવડ રોડ, રાજકોટ, ગુજરાત",4.3
રાધે કિરાણા દુકાન,કાર્પેન્ટર,Mahesh Gohil,+91 9407785673,"સાધુ વસવાણી રોડ, રાજકોટ, ગુજરાત",4.5
મહાલક્ષ્મી કોસ્મેટિક અને સ્કિનકેર સ્ટોર,ગેસર રીપેર,Jayesh Bhatt,+91 9642423565,"કલાવડ રોડ, રાજકોટ, ગુજરાત",3.1
સિદ્ધિ વિનાયક ઘર સફાઈ સેવા,ફ્રિજ રીપેર,Rajesh Rana,+91 9366381525,"કલાવડ રોડ, રાજકોટ, ગુજરાત",3.8
ભક્તિ સુપરમાર્કેટ,ઇન્ટિરીયર ડિઝાઇનર,Ketan Mehta,+91 9547680426,"સાધુ વસવાણી રોડ, રાજકોટ, ગુજરાત",4.9
નવકાર કીડ નિયંત્રણ સેવા,ગેસર રીપેર,Ketan Rana,+91 9574317726,"જંક્શન રોડ, રાજકોટ, ગુજરાત",4.9
સંકલ્પ કાર રીપેર,કાર રીપેર,Sanjay Bhatt,+91 9037258643,"માવડી, રાજકોટ, ગુજરાત",4.7
શ્રી કાર વૉશ,હોમ પેઇન્ટિંગ સર્વિસ,Vishal Shah,+91 9316703344,"માવડી, રાજકોટ, ગુજરાત",4.7
જય પાણી પુરવઠા,પેસ્ટ કન્ટ્રોલ સર્વિસ,Dipak Dave,+91 9228185721,"કોટેચા ચોક, રાજકોટ, ગુજરાત",4.8
નવકાર ઈન્ટીરિયર ડિઝાઇનર,એસી રીપેર,Jignesh Rana,+91 9719817183,"સાધુ વસવાણી રોડ, રાજકોટ, ગુજરાત",4.1
મહાલક્ષ્મી ઇલેક્ટ્રોનિક્સ અને મોબાઇલ દુકાન,બાઈક રીપેર,Sanjay Makwana,+91 9762095968,"રાજપુતપરા, રાજકોટ, ગુજરાત",3.7
મહાલક્ષ્મી ઇલેક્ટ્રોનિક્સ અને મોબાઇલ દુકાન,કંપ્યુટર રીપેર,Jayesh Rana,+91 9834478044,"શાપર, રાજકોટ, ગુજરાત",4.8
નવકાર હજામની દુકાન,એસી રીપેર,Suresh Prajapati,+91 9210849877,"રૈયા રોડ, રાજકોટ, ગુજરાત",4.8
સિદ્ધિ વિનાયક મસાજ સેન્ટર,સિક્યોરિટી સર્વિસ,Suresh Patel,+91 9642701732,"યાગ્નિક રોડ, રાજકોટ, ગુજરાત",4.8
પૂજા સ્ટેશનરી શોપ,કાર વોશ,Ketan Shah,+91 9607551123,"ગોંડલ રોડ, રાજકોટ, ગુજરાત",3.6
મહાલક્ષ્મી સ્પા,કાર વોશ,Paresh Gohil,+91 9099753903,"કલાવડ રોડ, રાજકોટ, ગુજરાત",4.0
મહાલક્ષ્મી કીડ નિયંત્રણ સેવા,હોમ ક્લીનિંગ સર્વિસ,Bhavesh Desai,+91 9077523982,"કલાવડ રોડ, રાજકોટ, ગુજરાત",4.4
સિદ્ધિ વિનાયક ઇલેક્ટ્રોનિક્સ અને મોબાઇલ દુકાન,પ્લમ્બર,Rakesh Gohil,+91 9174102336,"ભક્તિનગર, રાજકોટ, ગુજરાત",3.8
ઓમ ઇલેક્ટ્રોનિક્સ અને મોબાઇલ દુકાન,પેસ્ટ કન્ટ્રોલ સર્વિસ,Rajesh Patel,+91 9374992539,"રાજપુતપરા, રાજકોટ, ગુજરાત",3.3
મહાલક્ષ્મી ઇલેક્ટ્રોનિક્સ અને મોબાઇલ દુકાન,મોબાઇલ રીપેર,Rakesh Desai,+91 9882406577,"સાધુ વસવાણી રોડ, રાજકોટ, ગુજરાત",5.0
ભક્તિ કોસ્મેટિક અને સ્કિનકેર સ્ટોર,પ્લમ્બર,Dipak Makwana,+91 9046088046,"યાગ્નિક રોડ, રાજકોટ, ગુજરાત",4.0
સંકલ્પ ઈન્ટીરિયર ડિઝાઇનર,ગેસર રીપેર,Rakesh Rana,+91 9707319356,"જંક્શન રોડ, રાજકોટ, ગુજરાત",4.6
મહાલક્ષ્મી ડ્રાઇવિંગ શાળા,કાર રીપેર,Jayesh Prajapati,+91 9994395005,"લીમડા ચોક, રાજકોટ, ગુજરાત",3.8
ઓમ જ્વેલરી સ્ટોર,સિક્યોરિટી સર્વિસ,Rakesh Desai,+91 9239140765,"શાપર, રાજકોટ, ગુજરાત",3.9
સંકલ્પ બુકસ્ટોર,આરઓ રીપેર,Arvind Joshi,+91 9883243743,"સાધુ વસવાણી રોડ, રાજકોટ, ગુજરાત",4.3
રાધે ઘર સફાઈ સેવા,ફ્રિજ રીપેર,Manish Dave,+91 9774852091,"યાગ્નિક રોડ, રાજકોટ, ગુજરાત",4.3
ઓમ ફર્નિચર અને હોમ ડેકોર સ્ટોર,કાર્પેન્ટર,Jignesh Makwana,+91 9512802846,"લીમડા ચોક, રાજકોટ, ગુજરાત",3.7
જય સ્ટેશનરી શોપ,હોમ ક્લીનિંગ સર્વિસ,Manish Joshi,+91 9624883041,"રૈયા રોડ, રાજકોટ, ગુજરાત",4.0
પૂજા ઈન્ટીરિયર ડિઝાઇનર,કાર રીપેર,Sanjay Rana,+91 9077936962,"શાપર, રાજકોટ, ગુજરાત",4.4
સંકલ્પ મસાજ સેન્ટર,લૉન્ડ્રી સર્વિસ,Rakesh Trivedi,+91 9412640433,"રાજપુતપરા, રાજકોટ, ગુજરાત",4.1
સિદ્ધિ વિનાયક સutar,કાર રીપેર,Hitesh Makwana,+91 9828411126,"શાપર, રાજકોટ, ગુજરાત",3.4
ભક્તિ પલમ્બર,ડ્રાઇવિંગ સ્કૂલ,Vishal Shah,+91 9724945217,"ભક્તિનગર, રાજકોટ, ગુજરાત",3.0
ઓમ મસાજ સેન્ટર,મોબાઇલ રીપેર,Paresh Gandhi,+91 9189302424,"ભક્તિનગર, રાજકોટ, ગુજરાત",4.3
જય પિયરસીંગ સ્ટુડિયો,કાર રીપેર,Paresh Dave,+91 9179598466,"લીમડા ચોક, રાજકોટ, ગુજરાત",3.9
ઓમ ડ્રાઇવિંગ શાળા,ફ્રિજ રીપેર,Hitesh Gohil,+91 9952851405,"રૈયા રોડ, રાજકોટ, ગુજરાત",3.5
સિદ્ધિ વિનાયક બુકસ્ટોર,પેસ્ટ કન્ટ્રોલ સર્વિસ,Paresh Desai,+91 9372641088,"યાગ્નિક રોડ, રાજકોટ, ગુજરાત",3.4
સિદ્ધિ વિનાયક બાઈક રીપેર,આરઓ રીપેર,Manish Dave,+91 9800147020,"લીમડા ચોક, રાજકોટ, ગુજરાત",4.4
ભક્તિ બુકસ્ટોર,આરઓ રીપેર,Mahesh Joshi,+91 9007754978,"ગોંડલ રોડ, રાજકોટ, ગુજરાત",4.2
ભક્તિ કાર વૉશ,ઇલેક્ટ્રિશિયન,Vishal Gohil,+91 9226640456,"રાજપુતપરા, રાજકોટ, ગુજરાત",3.4
સંકલ્પ મસાજ સેન્ટર,સિક્યોરિટી સર્વિસ,Mahesh Bhatt,+91 9412655480,"કોટેચા ચોક, રાજકોટ, ગુજરાત",3.5
જય સ્ટેશનરી શોપ,હોમ ક્લીનિંગ સર્વિસ,Suresh Chauhan,+91 9157227956,"150 ફૂટ રીંગ રોડ, રાજકોટ, ગુજરાત",3.4
નવકાર ફર્નિચર અને હોમ ડેકોર સ્ટોર,ઇન્ટિરીયર ડિઝાઇનર,Rakesh Patel,+91 9578084954,"ગોંડલ રોડ, રાજકોટ, ગુજરાત",4.4
પૂજા કપડાં અને ફૂટવેર દુકાન,પેસ્ટ કન્ટ્રોલ સર્વિસ,Manish Desai,+91 9333548502,"ગોંડલ રોડ, રાજકોટ, ગુજરાત",3.3
ભક્તિ કોસ્મેટિક અને સ્કિનકેર સ્ટોર,લૉન્ડ્રી સર્વિસ,Rajesh Patel,+91 9048191743,"સાધુ વસવાણી રોડ, રાજકોટ, ગુજરાત",3.8
રાધે કોસ્મેટિક અને સ્કિનકેર સ્ટોર,લૉન્ડ્રી સર્વિસ,Hitesh Prajapati,+91 9901594913,"જંક્શન રોડ, રાજકોટ, ગુજરાત",4.0
રાધે કિરાણા દુકાન,આરઓ રીપેર,Manish Gandhi,+91 9789168582,"માવડી, રાજકોટ, ગુજરાત",4.5
નવકાર ટેટૂ સ્ટુડિયો,ઇલેક્ટ્રિશિયન,Ketan Patel,+91 9954999064,"રાજપુતપરા, રાજકોટ, ગુજરાત",3.2
રાધે બુકસ્ટોર,કંપ્યુટર રીપેર,Sanjay Gohil,+91 9440695771,"માવડી, રાજકોટ, ગુજરાત",3.7
શ્રી પિયરસીંગ સ્ટુડિયો,પેસ્ટ કન્ટ્રોલ સર્વિસ,Vishal Prajapati,+91 9654052427,"માવડી, રાજકોટ, ગુજરાત",3.3
સિદ્ધિ વિનાયક હજામની દુકાન,બાઈક રીપેર,Ketan Gandhi,+91 9959376930,"જંક્શન રોડ, રાજકોટ, ગુજરાત",4.3
શ્રી કીડ નિયંત્રણ સેવા,ડ્રાઇવિંગ સ્કૂલ,Vishal Bhatt,+91 9575222678,"રૈયા રોડ, રાજકોટ, ગુજરાત",4.4
સિદ્ધિ વિનાયક કપડાં અને ફૂટવેર દુકાન,હોમ ક્લીનિંગ સર્વિસ,Paresh Patel,+91 9821863620,"ભક્તિનગર, રાજકોટ, ગુજરાત",4.6
ઓમ ઇલેક્ટ્રોનિક્સ અને મોબાઇલ દુકાન,કાર રીપેર,Bhavesh Joshi,+91 9729621482,"રૈયા રોડ, રાજકોટ, ગુજરાત",4.8
ભક્તિ પલમ્બર,મોબાઇલ રીપેર,Ketan Desai,+91 9861605119,"કોટેચા ચોક, રાજકોટ, ગુજરાત",3.9
મહાલક્ષ્મી પલમ્બર,ડ્રાઇવિંગ સ્કૂલ,Vishal Patel,+91 9357093889,"રૈયા રોડ, રાજકોટ, ગુજરાત",4.0
રાધે કાર રીપેર,કાર રીપેર,Dipak Trivedi,+91 9950303665,"ગોંડલ રોડ, રાજકોટ, ગુજરાત",4.3
મહાલક્ષ્મી કાર રીપેર,ઇન્ટિરીયર ડિઝાઇનર,Manish Desai,+91 9861612863,"ભક્તિનગર, રાજકોટ, ગુજરાત",4.0
નવકાર ઇલેક્ટ્રોનિક્સ અને મોબાઇલ દુકાન,કંપ્યુટર રીપેર,Sanjay Trivedi,+91 9264014023,"માવડી, રાજકોટ, ગુજરાત",3.6
નવકાર હજામની દુકાન,ડ્રાઇવિંગ સ્કૂલ,Hitesh Chauhan,+91 9762187335,"રૈયા રોડ, રાજકોટ, ગુજરાત",3.7
પૂજા કોસ્મેટિક અને સ્કિનકેર સ્ટોર,પેસ્ટ કન્ટ્રોલ સર્વિસ,Manish Rana,+91 9924887427,"યાગ્નિક રોડ, રાજકોટ, ગુજરાત",5.0
રાધે ઇલેક્ટ્રોનિક્સ અને મોબાઇલ દુકાન,હોમ પેઇન્ટિંગ સર્વિસ,Vishal Shah,+91 9318983059,"કલાવડ રોડ, રાજકોટ, ગુજરાત",4.0
સિદ્ધિ વિનાયક ઘર સફાઈ સેવા,બાઈક રીપેર,Sanjay Makwana,+91 9867126382,"કોટેચા ચોક, રાજકોટ, ગુજરાત",5.0
નવકાર ટેટૂ સ્ટુડિયો,કાર્પેન્ટર,Paresh Desai,+91 9243360263,"જંક્શન રોડ, રાજકોટ, ગુજરાત",4.6
સંકલ્પ પલમ્બર,બાઈક રીપેર,Ketan Patel,+91 9427080934,"ગોંડલ રોડ, રાજકોટ, ગુજરાત",4.0
નવકાર કીડ નિયંત્રણ સેવા,ડ્રાઇવિંગ સ્કૂલ,Manish Desai,+91 9130867714,"માવડી, રાજકોટ, ગુજરાત",3.2
શ્રી કિરાણા દુકાન,ઇન્ટિરીયર ડિઝાઇનર,Dipak Bhatt,+91 9854234882,"150 ફૂટ રીંગ રોડ, રાજકોટ, ગુજરાત",4.8
રાધે સેલૂન,પ્લમ્બર,Rakesh Joshi,+91 9127249882,"કોટેચા ચોક, રાજકોટ, ગુજરાત",4.8
જય કીડ નિયંત્રણ સેવા,ગેસર રીપેર,Manish Gohil,+91 9353670147,"ગોંડલ રોડ, રાજકોટ, ગુજરાત",3.5
શ્રી પિયરસીંગ સ્ટુડિયો,ફ્રિજ રીપેર,Ketan Prajapati,+91 9894200875,"ભક્તિનગર, રાજકોટ, ગુજરાત",3.8
ભક્તિ સુપરમાર્કેટ,ડ્રાઇવિંગ સ્કૂલ,Mahesh Gandhi,+91 9427253327,"કલાવડ રોડ, રાજકોટ, ગુજરાત",3.2
શ્રી ડ્રાઇવિંગ શાળા,હોમ પેઇન્ટિંગ સર્વિસ,Hitesh Desai,+91 9839106535,"ભક્તિનગર, રાજકોટ, ગુજરાત",4.9
જય હજામની દુકાન,ગેસર રીપેર,Rajesh Jadeja,+91 9286541208,"ભક્તિનગર, રાજકોટ, ગુજરાત",4.0
શ્રી ઓટો પાર્ટ્સ અને એસેસરીઝ,લૉન્ડ્રી સર્વિસ,Hitesh Bhatt,+91 9866323084,"રાજપુતપરા, રાજકોટ, ગુજરાત",3.1
સિદ્ધિ વિનાયક કીડ નિયંત્રણ સેવા,પ્લમ્બર,Manish Bhatt,+91 9863373762,"જંક્શન રોડ, રાજકોટ, ગુજરાત",3.2
ઓમ સ્પા,ઇન્ટિરીયર ડિઝાઇનર,Vishal Mehta,+91 9610130323,"રાજપુતપરા, રાજકોટ, ગુજરાત",3.9
શ્રી ઈન્ટીરિયર ડિઝાઇનર,કાર રીપેર,Dipak Chauhan,+91 9837639874,"લીમડા ચોક, રાજકોટ, ગુજરાત",3.6
મહાલક્ષ્મી કીડ નિયંત્રણ સેવા,ઇલેક્ટ્રિશિયન,Vishal Chauhan,+91 9856617200,"ગોંડલ રોડ, રાજકોટ, ગુજરાત",3.7
જય ઈન્ટીરિયર ડિઝાઇનર,ફ્રિજ રીપેર,Jayesh Jadeja,+91 9911585677,"કોટેચા ચોક, રાજકોટ, ગુજરાત",4.4
શ્રી કાર રીપેર,એસી રીપેર,Hitesh Shah,+91 9645927270,"યાગ્નિક રોડ, રાજકોટ, ગુજરાત",4.8
નવકાર ફર્નિચર અને હોમ ડેકોર સ્ટોર,મોબાઇલ રીપેર,Arvind Gandhi,+91 9097077662,"ગોંડલ રોડ, રાજકોટ, ગુજરાત",4.5
મહાલક્ષ્મી સુપરમાર્કેટ,કંપ્યુટર રીપેર,Sanjay Trivedi,+91 9987658981,"શાપર, રાજકોટ, ગુજરાત",4.3
મહાલક્ષ્મી કાર રીપેર,એસી રીપેર,Ketan Dave,+91 9406377562,"ગોંડલ રોડ, રાજકોટ, ગુજરાત",3.0
પૂજા પલમ્બર,ડ્રાઇવિંગ સ્કૂલ,Sanjay Shah,+91 9169785829,"લીમડા ચોક, રાજકોટ, ગુજરાત",4.9
પૂજા જ્વેલરી સ્ટોર,લૉન્ડ્રી સર્વિસ,Bhavesh Desai,+91 9017003322,"માવડી, રાજકોટ, ગુજરાત",4.9
મહાલક્ષ્મી કાર વૉશ,કાર્પેન્ટર,Arvind Trivedi,+91 9078399818,"લીમડા ચોક, રાજકોટ, ગુજરાત",4.6
નવકાર કપડાં અને ફૂટવેર દુકાન,ઇન્ટિરીયર ડિઝાઇનર,Arvind Rana,+91 9251050121,"યાગ્નિક રોડ, રાજકોટ, ગુજરાત",4.8
નવકાર બાઈક રીપેર,કાર વોશ,Jayesh Dave,+91 9855810695,"રૈયા રોડ, રાજકોટ, ગુજરાત",4.4
જય સુપરમાર્કેટ,એસી રીપેર,Mahesh Shah,+91 9042837893,"રાજપુતપરા, રાજકોટ, ગુજરાત",3.3
નવકાર ફર્નિચર અને હોમ ડેકોર સ્ટોર,એસી રીપેર,Manish Shah,+91 9894963862,"લીમડા ચોક, રાજકોટ, ગુજરાત",4.8
મહાલક્ષ્મી ઈન્ટીરિયર ડિઝાઇનર,કાર રીપેર,Mahesh Jadeja,+91 9202451351,"કલાવડ રોડ, રાજકોટ, ગુજરાત",3.0
સંકલ્પ કીડ નિયંત્રણ સેવા,કંપ્યુટર રીપેર,Vishal Shah,+91 9305848636,"કોટેચા ચોક, રાજકોટ, ગુજરાત",3.3
સંકલ્પ કપડાં અને ફૂટવેર દુકાન,આરઓ રીપેર,Mahesh Rana,+91 9904807661,"150 ફૂટ રીંગ રોડ, રાજકોટ, ગુજરાત",4.0
જય સેલૂન,ગેસર રીપેર,Manish Desai,+91 9290429492,"શાપર, રાજકોટ, ગુજરાત",3.4
જય કાર રીપેર,પ્લમ્બર,Vishal Chauhan,+91 9560224644,"સાધુ વસવાણી રોડ, રાજકોટ, ગુજરાત",3.4
ઓમ કોસ્મેટિક અને સ્કિનકેર સ્ટોર,કાર રીપેર,Jayesh Trivedi,+91 9187064145,"ગોંડલ રોડ, રાજકોટ, ગુજરાત",3.5
રાધે સ્પા,લૉન્ડ્રી સર્વિસ,Dipak Gandhi,+91 9093490908,"ગોંડલ રોડ, રાજકોટ, ગુજરાત",3.2
નવકાર કાર રીપેર,ફ્રિજ રીપેર,Arvind Desai,+91 9162046982,"માવડી, રાજકોટ, ગુજરાત",4.9
રાધે કપડાં અને ફૂટવેર દુકાન,હોમ ક્લીનિંગ સર્વિસ,Dipak Chauhan,+91 9102723769,"જંક્શન રોડ, રાજકોટ, ગુજરાત",4.7
સિદ્ધિ વિનાયક કોસ્મેટિક અને સ્કિનકેર સ્ટોર,મોબાઇલ રીપેર,Arvind Joshi,+91 9370833832,"લીમડા ચોક, રાજકોટ, ગુજરાત",4.0
સિદ્ધિ વિનાયક ઈલેક્ટ્રીશિયન,કાર વોશ,Arvind Jadeja,+91 9945071330,"લીમડા ચોક, રાજકોટ, ગુજરાત",3.7
ભક્તિ ઈન્ટીરિયર ડિઝાઇનર,પેસ્ટ કન્ટ્રોલ સર્વિસ,Sanjay Dave,+91 9245072148,"ભક્તિનગર, રાજકોટ, ગુજરાત",3.5
રાધે કાર રીપેર,કાર વોશ,Dipak Gohil,+91 9197512201,"શાપર, રાજકોટ, ગુજરાત",4.4
પૂજા પિયરસીંગ સ્ટુડિયો,હોમ પેઇન્ટિંગ સર્વિસ,Suresh Makwana,+91 9031719978,"કલાવડ રોડ, રાજકોટ, ગુજરાત",4.7
પૂજા સ્પા,ઇલેક્ટ્રિશિયન,Jayesh Rana,+91 9887934886,"ગોંડલ રોડ, રાજકોટ, ગુજરાત",3.2
મહાલક્ષ્મી સેલૂન,પ્લમ્બર,Vishal Prajapati,+91 9597729573,"ભક્તિનગર, રાજકોટ, ગુજરાત",3.6
પૂજા બુકસ્ટોર,પેસ્ટ કન્ટ્રોલ સર્વિસ,Jayesh Gohil,+91 9601373319,"ગોંડલ રોડ, રાજકોટ, ગુજરાત",3.9
શ્રી ડ્રાઇવિંગ શાળા,ગેસર રીપેર,Sanjay Patel,+91 9682620500,"ગોંડલ રોડ, રાજકોટ, ગુજરાત",4.1
ઓમ બાઈક રીપેર,ડ્રાઇવિંગ સ્કૂલ,Dipak Rana,+91 9370857540,"યાગ્નિક રોડ, રાજકોટ, ગુજરાત",4.7
સંકલ્પ ઇલેક્ટ્રોનિક્સ અને મોબાઇલ દુકાન,કાર રીપેર,Rakesh Jadeja,+91 9274953247,"લીમડા ચોક, રાજકોટ, ગુજરાત",4.6
ઓમ કાર વૉશ,કંપ્યુટર રીપેર,Suresh Bhatt,+91 9915261882,"યાગ્નિક રોડ, રાજકોટ, ગુજરાત",4.5
ઓમ ડ્રાઇવિંગ શાળા,લૉન્ડ્રી સર્વિસ,Dipak Patel,+91 9623731409,"રાજપુતપરા, રાજકોટ, ગુજરાત",3.6
પૂજા ડ્રાઇવિંગ શાળા,હોમ ક્લીનિંગ સર્વિસ,Bhavesh Shah,+91 9913982010,"કલાવડ રોડ, રાજકોટ, ગુજરાત",4.5
નવકાર સ્ટેશનરી શોપ,બાઈક રીપેર,Bhavesh Gandhi,+91 9844023639,"માવડી, રાજકોટ, ગુજરાત",3.2
ઓમ સ્ટેશનરી શોપ,કાર વોશ,Bhavesh Mehta,+91 9651120170,"ભક્તિનગર, રાજકોટ, ગુજરાત",3.9
ભક્તિ ઘર સફાઈ સેવા,કાર રીપેર,Hitesh Jadeja,+91 9899004392,"રૈયા રોડ, રાજકોટ, ગુજરાત",3.7
ઓમ કાર રીપેર,ઇલેક્ટ્રિશિયન,Manish Bhatt,+91 9078163433,"ગોંડલ રોડ, રાજકોટ, ગુજરાત",4.0
શ્રી પિયરસીંગ સ્ટુડિયો,કાર રીપેર,Rakesh Bhatt,+91 9531194682,"સાધુ વસવાણી રોડ, રાજકોટ, ગુજરાત",3.5
ભક્તિ કિરાણા દુકાન,હોમ પેઇન્ટિંગ સર્વિસ,Rajesh Mehta,+91 9305180587,"યાગ્નિક રોડ, રાજકોટ, ગુજરાત",4.0
પૂજા કાર વૉશ,કાર વોશ,Bhavesh Jadeja,+91 9876437750,"150 ફૂટ રીંગ રોડ, રાજકોટ, ગુજરાત",3.3
ભક્તિ પિયરસીંગ સ્ટુડિયો,મોબાઇલ રીપેર,Sanjay Gandhi,+91 9027066582,"રાજપુતપરા, રાજકોટ, ગુજરાત",3.3
રાધે કાર રીપેર,બાઈક રીપેર,Manish Gandhi,+91 9248125476,"યાગ્નિક રોડ, રાજકોટ, ગુજરાત",4.8
પૂજા ડ્રાઇવિંગ શાળા,ગેસર રીપેર,Jignesh Dave,+91 9110689688,"ગોંડલ રોડ, રાજકોટ, ગુજરાત",3.1
સંકલ્પ સુપરમાર્કેટ,હોમ ક્લીનિંગ સર્વિસ,Dipak Prajapati,+91 9040731402,"માવડી, રાજકોટ, ગુજરાત",4.9
ઓમ ઈન્ટીરિયર ડિઝાઇનર,સિક્યોરિટી સર્વિસ,Ketan Prajapati,+91 9715250291,"રાજપુતપરા, રાજકોટ, ગુજરાત",3.4
ઓમ બુકસ્ટોર,કાર રીપેર,Paresh Prajapati,+91 9500261546,"માવડી, રાજકોટ, ગુજરાત",3.3
ભક્તિ પલમ્બર,એસી રીપેર,Hitesh Mehta,+91 9945398177,"જંક્શન રોડ, રાજકોટ, ગુજરાત",3.8
ભક્તિ જ્વેલરી સ્ટોર,કાર રીપેર,Vishal Jadeja,+91 9046553599,"રૈયા રોડ, રાજકોટ, ગુજરાત",3.8
સિદ્ધિ વિનાયક બુકસ્ટોર,ઇન્ટિરીયર ડિઝાઇનર,Vishal Gandhi,+91 9192466206,"સાધુ વસવાણી રોડ, રાજકોટ, ગુજરાત",4.9
ભક્તિ ઈલેક્ટ્રીશિયન,હોમ ક્લીનિંગ સર્વિસ,Jignesh Patel,+91 9802830900,"સાધુ વસવાણી રોડ, રાજકોટ, ગુજરાત",3.5
શ્રી કીડ નિયંત્રણ સેવા,લૉન્ડ્રી સર્વિસ,Hitesh Gandhi,+91 9998435582,"ગોંડલ રોડ, રાજકોટ, ગુજરાત",4.3
સિદ્ધિ વિનાયક કીડ નિયંત્રણ સેવા,આરઓ રીપેર,Jayesh Gandhi,+91 9492660282,"સાધુ વસવાણી રોડ, રાજકોટ, ગુજરાત",3.9
સંકલ્પ મસાજ સેન્ટર,આરઓ રીપેર,Dipak Mehta,+91 9149031065,"જંક્શન રોડ, રાજકોટ, ગુજરાત",4.3
શ્રી બાઈક રીપેર,હોમ પેઇન્ટિંગ સર્વિસ,Sanjay Patel,+91 9634340144,"150 ફૂટ રીંગ રોડ, રાજકોટ, ગુજરાત",4.7
રાધે ફર્નિચર અને હોમ ડેકોર સ્ટોર,પ્લમ્બર,Rakesh Patel,+91 9623297878,"શાપર, રાજકોટ, ગુજરાત",4.3
જય સુપરમાર્કેટ,કાર રીપેર,Dipak Shah,+91 9681043749,"ભક્તિનગર, રાજકોટ, ગુજરાત",4.4
રાધે ડ્રાઇવિંગ શાળા,આરઓ રીપેર,Mahesh Jadeja,+91 9134045775,"ગોંડલ રોડ, રાજકોટ, ગુજરાત",3.3
મહાલક્ષ્મી પાણી પુરવઠા,ગેસર રીપેર,Manish Mehta,+91 9543077594,"કોટેચા ચોક, રાજકોટ, ગુજરાત",4.5
જય ટેટૂ સ્ટુડિયો,ડ્રાઇવિંગ સ્કૂલ,Vishal Patel,+91 9444431001,"શાપર, રાજકોટ, ગુજરાત",3.9
ભક્તિ સ્ટેશનરી શોપ,સિક્યોરિટી સર્વિસ,Vishal Dave,+91 9662367264,"માવડી, રાજકોટ, ગુજરાત",4.6
શ્રી કાર રીપેર,કંપ્યુટર રીપેર,Hitesh Gohil,+91 9219563960,"સાધુ વસવાણી રોડ, રાજકોટ, ગુજરાત",4.1
મહાલક્ષ્મી સ્પા,કંપ્યુટર રીપેર,Arvind Prajapati,+91 9478182262,"રાજપુતપરા, રાજકોટ, ગુજરાત",3.9
ભક્તિ ડ્રાઇવિંગ શાળા,બાઈક રીપેર,Arvind Chauhan,+91 9806646534,"કોટેચા ચોક, રાજકોટ, ગુજરાત",3.4
મહાલક્ષ્મી પિયરસીંગ સ્ટુડિયો,હોમ પેઇન્ટિંગ સર્વિસ,Mahesh Bhatt,+91 9149645577,"લીમડા ચોક, રાજકોટ, ગુજરાત",4.3
મહાલક્ષ્મી પાણી પુરવઠા,કાર રીપેર,Hitesh Gandhi,+91 9805961611,"રૈયા રોડ, રાજકોટ, ગુજરાત",3.9
જય સutar,બાઈક રીપેર,Jayesh Bhatt,+91 9340905598,"જંક્શન રોડ, રાજકોટ, ગુજરાત",3.2
ભક્તિ સેલૂન,ફ્રિજ રીપેર,Vishal Gandhi,+91 9276048050,"કલાવડ રોડ, રાજકોટ, ગુજરાત",3.8
ઓમ જ્વેલરી સ્ટોર,પ્લમ્બર,Sanjay Patel,+91 9858858830,"સાધુ વસવાણી રોડ, રાજકોટ, ગુજરાત",4.4
રાધે બાઈક રીપેર,કાર વોશ,Rajesh Jadeja,+91 9404881761,"રૈયા રોડ, રાજકોટ, ગુજરાત",4.1
સંકલ્પ પાણી પુરવઠા,હોમ પેઇન્ટિંગ સર્વિસ,Paresh Trivedi,+91 9118719348,"સાધુ વસવાણી રોડ, રાજકોટ, ગુજરાત",4.8
શ્રી ટેટૂ સ્ટુડિયો,હોમ પેઇન્ટિંગ સર્વિસ,Sanjay Makwana,+91 9065268199,"કલાવડ રોડ, રાજકોટ, ગુજરાત",4.8
પૂજા ઇલેક્ટ્રોનિક્સ અને મોબાઇલ દુકાન,હોમ પેઇન્ટિંગ સર્વિસ,Manish Patel,+91 9936866026,"ભક્તિનગર, રાજકોટ, ગુજરાત",3.2
શ્રી ઈન્ટીરિયર ડિઝાઇનર,આરઓ રીપેર,Dipak Bhatt,+91 9172196320,"કલાવડ રોડ, રાજકોટ, ગુજરાત",4.0
શ્રી જ્વેલરી સ્ટોર,ડ્રાઇવિંગ સ્કૂલ,Suresh Mehta,+91 9585531659,"સાધુ વસવાણી રોડ, રાજકોટ, ગુજરાત",3.1
સિદ્ધિ વિનાયક ઈન્ટીરિયર ડિઝાઇનર,ઇલેક્ટ્રિશિયન,Rajesh Bhatt,+91 9909201103,"કલાવડ રોડ, રાજકોટ, ગુજરાત",3.6
મહાલક્ષ્મી કાર રીપેર,હોમ પેઇન્ટિંગ સર્વિસ,Dipak Desai,+91 9368809600,"શાપર, રાજકોટ, ગુજરાત",3.0
પૂજા સેલૂન,પ્લમ્બર,Vishal Prajapati,+91 9637913986,"માવડી, રાજકોટ, ગુજરાત",3.6
ભક્તિ ટેટૂ સ્ટુડિયો,હોમ ક્લીનિંગ સર્વિસ,Rakesh Gohil,+91 9321248978,"યાગ્નિક રોડ, રાજકોટ, ગુજરાત",3.3
પૂજા મસાજ સેન્ટર,ઇન્ટિરીયર ડિઝાઇનર,Suresh Prajapati,+91 9307817668,"સાધુ વસવાણી રોડ, રાજકોટ, ગુજરાત",3.3
પૂજા ટેટૂ સ્ટુડિયો,કાર રીપેર,Rakesh Patel,+91 9873021378,"યાગ્નિક રોડ, રાજકોટ, ગુજરાત",3.2
નવકાર પિયરસીંગ સ્ટુડિયો,કાર રીપેર,Mahesh Joshi,+91 9694890855,"ભક્તિનગર, રાજકોટ, ગુજરાત",3.1
જય બાઈક રીપેર,કાર રીપેર,Jayesh Trivedi,+91 9418635108,"જંક્શન રોડ, રાજકોટ, ગુજરાત",4.8
શ્રી ઈન્ટીરિયર ડિઝાઇનર,આરઓ રીપેર,Suresh Bhatt,+91 9488206356,"કોટેચા ચોક, રાજકોટ, ગુજરાત",4.4
રાધે બુકસ્ટોર,કાર વોશ,Rajesh Trivedi,+91 9042754376,"કોટેચા ચોક, રાજકોટ, ગુજરાત",4.2
ઓમ સutar,આરઓ રીપેર,Hitesh Gohil,+91 9424836509,"સાધુ વસવાણી રોડ, રાજકોટ, ગુજરાત",4.5
નવકાર ઈન્ટીરિયર ડિઝાઇનર,પેસ્ટ કન્ટ્રોલ સર્વિસ,Mahesh Bhatt,+91 9253931537,"લીમડા ચોક, રાજકોટ, ગુજરાત",3.3
સંકલ્પ સુપરમાર્કેટ,હોમ પેઇન્ટિંગ સર્વિસ,Paresh Mehta,+91 9778661438,"શાપર, રાજકોટ, ગુજરાત",4.6
નવકાર પિયરસીંગ સ્ટુડિયો,લૉન્ડ્રી સર્વિસ,Jignesh Mehta,+91 9390855468,"ગોંડલ રોડ, રાજકોટ, ગુજરાત",3.6
જય ઇલેક્ટ્રોનિક્સ અને મોબાઇલ દુકાન,પ્લમ્બર,Dipak Patel,+91 9402757058,"કલાવડ રોડ, રાજકોટ, ગુજરાત",4.7
પૂજા કોસ્મેટિક અને સ્કિનકેર સ્ટોર,એસી રીપેર,Hitesh Dave,+91 9526846052,"સાધુ વસવાણી રોડ, રાજકોટ, ગુજરાત",4.0
પૂજા કપડાં અને ફૂટવેર દુકાન,કાર્પેન્ટર,Manish Jadeja,+91 9233120526,"યાગ્નિક રોડ, રાજકોટ, ગુજરાત",4.7
રાધે ઘર સફાઈ સેવા,બાઈક રીપેર,Jignesh Desai,+91 9469385969,"150 ફૂટ રીંગ રોડ, રાજકોટ, ગુજરાત",4.1
ભક્તિ કીડ નિયંત્રણ સેવા,પેસ્ટ કન્ટ્રોલ સર્વિસ,Suresh Gandhi,+91 9735437878,"કલાવડ રોડ, રાજકોટ, ગુજરાત",4.9
સિદ્ધિ વિનાયક ફર્નિચર અને હોમ ડેકોર સ્ટોર,પેસ્ટ કન્ટ્રોલ સર્વિસ,Hitesh Prajapati,+91 9533212475,"કોટેચા ચોક, રાજકોટ, ગુજરાત",3.9
ભક્તિ સુપરમાર્કેટ,હોમ ક્લીનિંગ સર્વિસ,Paresh Prajapati,+91 9730128081,"કલાવડ રોડ, રાજકોટ, ગુજરાત",3.9
પૂજા હજામની દુકાન,મોબાઇલ રીપેર,Dipak Gohil,+91 9158614857,"ભક્તિનગર, રાજકોટ, ગુજરાત",3.1
સિદ્ધિ વિનાયક કિરાણા દુકાન,ફ્રિજ રીપેર,Hitesh Trivedi,+91 9271984362,"માવડી, રાજકોટ, ગુજરાત",4.6
ભક્તિ પિયરસીંગ સ્ટુડિયો,ઇન્ટિરીયર ડિઝાઇનર,Paresh Mehta,+91 9275945292,"માવડી, રાજકોટ, ગુજરાત",3.0
રાધે સુપરમાર્કેટ,લૉન્ડ્રી સર્વિસ,Dipak Makwana,+91 9950162832,"રાજપુતપરા, રાજકોટ, ગુજરાત",3.8
નવકાર ઇલેક્ટ્રોનિક્સ અને મોબાઇલ દુકાન,બાઈક રીપેર,Ketan Chauhan,+91 9779762300,"જંક્શન રોડ, રાજકોટ, ગુજરાત",5.0
સંકલ્પ કાર રીપેર,ઇલેક્ટ્રિશિયન,Paresh Chauhan,+91 9534192414,"કલાવડ રોડ, રાજકોટ, ગુજરાત",4.3
ઓમ કાર રીપેર,હોમ ક્લીનિંગ સર્વિસ,Manish Joshi,+91 9085842165,"કલાવડ રોડ, રાજકોટ, ગુજરાત",4.8
પૂજા મસાજ સેન્ટર,કાર રીપેર,Mahesh Shah,+91 9673863262,"શાપર, રાજકોટ, ગુજરાત",4.0
સિદ્ધિ વિનાયક પિયરસીંગ સ્ટુડિયો,ગેસર રીપેર,Paresh Patel,+91 9408803321,"માવડી, રાજકોટ, ગુજરાત",3.2
પૂજા ફર્નિચર અને હોમ ડેકોર સ્ટોર,ડ્રાઇવિંગ સ્કૂલ,Rajesh Trivedi,+91 9951362472,"લીમડા ચોક, રાજકોટ, ગુજરાત",4.8
સિદ્ધિ વિનાયક ફર્નિચર અને હોમ ડેકોર સ્ટોર,કાર્પેન્ટર,Hitesh Rana,+91 9501389488,"જંક્શન રોડ, રાજકોટ, ગુજરાત",4.6
ઓમ પિયરસીંગ સ્ટુડિયો,લૉન્ડ્રી સર્વિસ,Dipak Patel,+91 9568131741,"માવડી, રાજકોટ, ગુજરાત",3.2
સિદ્ધિ વિનાયક કાર વૉશ,હોમ પેઇન્ટિંગ સર્વિસ,Sanjay Trivedi,+91 9483225801,"માવડી, રાજકોટ, ગુજરાત",4.0
જય સુપરમાર્કેટ,કાર રીપેર,Jignesh Joshi,+91 9469324163,"રૈયા રોડ, રાજકોટ, ગુજરાત",3.6
સિદ્ધિ વિનાયક ઈલેક્ટ્રીશિયન,મોબાઇલ રીપેર,Jignesh Dave,+91 9376648640,"જંક્શન રોડ, રાજકોટ, ગુજરાત",3.9
જય કોસ્મેટિક અને સ્કિનકેર સ્ટોર,પ્લમ્બર,Jayesh Dave,+91 9648595062,"રાજપુતપરા, રાજકોટ, ગુજરાત",4.0
રાધે સutar,ફ્રિજ રીપેર,Dipak Trivedi,+91 9884164098,"રાજપુતપરા, રાજકોટ, ગુજરાત",3.2
નવકાર ઘર સફાઈ સેવા,ફ્રિજ રીપેર,Mahesh Dave,+91 9315819015,"સાધુ વસવાણી રોડ, રાજકોટ, ગુજરાત",4.9
ભક્તિ ઘર સફાઈ સેવા,મોબાઇલ રીપેર,Dipak Gohil,+91 9566882898,"રૈયા રોડ, રાજકોટ, ગુજરાત",3.5
મહાલક્ષ્મી કાર રીપેર,પ્લમ્બર,Vishal Jadeja,+91 9014737780,"સાધુ વસવાણી રોડ, રાજકોટ, ગુજરાત",3.4
ભક્તિ ઇલેક્ટ્રોનિક્સ અને મોબાઇલ દુકાન,ઇલેક્ટ્રિશિયન,Rakesh Dave,+91 9693090770,"રૈયા રોડ, રાજકોટ, ગુજરાત",3.4
પૂજા ઈન્ટીરિયર ડિઝાઇનર,મોબાઇલ રીપેર,Vishal Jadeja,+91 9009314475,"કલાવડ રોડ, રાજકોટ, ગુજરાત",4.9
રાધે પલમ્બર,ઇલેક્ટ્રિશિયન,Manish Shah,+91 9255169072,"માવડી, રાજકોટ, ગુજરાત",4.8
સંકલ્પ મસાજ સેન્ટર,હોમ ક્લીનિંગ સર્વિસ,Ketan Trivedi,+91 9983819144,"રૈયા રોડ, રાજકોટ, ગુજરાત",3.7
રાધે સેલૂન,બાઈક રીપેર,Rajesh Dave,+91 9420848903,"જંક્શન રોડ, રાજકોટ, ગુજરાત",4.6
પૂજા કોસ્મેટિક અને સ્કિનકેર સ્ટોર,હોમ ક્લીનિંગ સર્વિસ,Rakesh Mehta,+91 9239594077,"કલાવડ રોડ, રાજકોટ, ગુજરાત",3.6
ઓમ સ્પા,કાર વોશ,Rakesh Trivedi,+91 9961988322,"કલાવડ રોડ, રાજકોટ, ગુજરાત",3.9
ભક્તિ કાર વૉશ,આરઓ રીપેર,Bhavesh Jadeja,+91 9878651087,"ભક્તિનગર, રાજકોટ, ગુજરાત",3.8
સંકલ્પ જ્વેલરી સ્ટોર,હોમ પેઇન્ટિંગ સર્વિસ,Jayesh Bhatt,+91 9456418559,"શાપર, રાજકોટ, ગુજરાત",3.2
શ્રી ઘર સફાઈ સેવા,કાર રીપેર,Manish Trivedi,+91 9148127952,"સાધુ વસવાણી રોડ, રાજકોટ, ગુજરાત",4.3
ઓમ કાર રીપેર,કંપ્યુટર રીપેર,Hitesh Dave,+91 9604905102,"કલાવડ રોડ, રાજકોટ, ગુજરાત",4.4
પૂજા ઘર સફાઈ સેવા,કાર રીપેર,Suresh Chauhan,+91 9712779061,"સાધુ વસવાણી રોડ, રાજકોટ, ગુજરાત",3.9
નવકાર ફર્નિચર અને હોમ ડેકોર સ્ટોર,ફ્રિજ રીપેર,Jignesh Mehta,+91 9715171644,"રાજપુતપરા, રાજકોટ, ગુજરાત",3.2
રાધે સેલૂન,ગેસર રીપેર,Paresh Gohil,+91 9135668745,"જંક્શન રોડ, રાજકોટ, ગુજરાત",3.2
શ્રી ડ્રાઇવિંગ શાળા,ઇલેક્ટ્રિશિયન,Dipak Dave,+91 9096895139,"સાધુ વસવાણી રોડ, રાજકોટ, ગુજરાત",3.5
જય કોસ્મેટિક અને સ્કિનકેર સ્ટોર,ફ્રિજ રીપેર,Arvind Gandhi,+91 9688381155,"જંક્શન રોડ, રાજકોટ, ગુજરાત",4.9
સિદ્ધિ વિનાયક સ્પા,કંપ્યુટર રીપેર,Jayesh Gohil,+91 9122438730,"માવડી, રાજકોટ, ગુજરાત",4.5
શ્રી કાર રીપેર,પેસ્ટ કન્ટ્રોલ સર્વિસ,Arvind Makwana,+91 9010694461,"યાગ્નિક રોડ, રાજકોટ, ગુજરાત",3.4
ઓમ કાર રીપેર,હોમ પેઇન્ટિંગ સર્વિસ,Paresh Rana,+91 9656648080,"150 ફૂટ રીંગ રોડ, રાજકોટ, ગુજરાત",3.8
રાધે ટેટૂ સ્ટુડિયો,ફ્રિજ રીપેર,Jayesh Dave,+91 9345744190,"શાપર, રાજકોટ, ગુજરાત",4.7
શ્રી બુકસ્ટોર,કાર રીપેર,Rajesh Bhatt,+91 9486685929,"જંક્શન રોડ, રાજકોટ, ગુજરાત",4.6
શ્રી ઘર સફાઈ સેવા,કાર રીપેર,Sanjay Shah,+91 9274894856,"સાધુ વસવાણી રોડ, રાજકોટ, ગુજરાત",3.6
જય મસાજ સેન્ટર,સિક્યોરિટી સર્વિસ,Manish Makwana,+91 9084190138,"કોટેચા ચોક, રાજકોટ, ગુજરાત",4.8
નવકાર પિયરસીંગ સ્ટુડિયો,ફ્રિજ રીપેર,Vishal Patel,+91 9267906765,"150 ફૂટ રીંગ રોડ, રાજકોટ, ગુજરાત",5.0
ઓમ મસાજ સેન્ટર,ઇન્ટિરીયર ડિઝાઇનર,Ketan Trivedi,+91 9829603659,"જંક્શન રોડ, રાજકોટ, ગુજરાત",3.1
મહાલક્ષ્મી કોસ્મેટિક અને સ્કિનકેર સ્ટોર,કંપ્યુટર રીપેર,Suresh Chauhan,+91 9646869538,"રાજપુતપરા, રાજકોટ, ગુજરાત",4.8
શ્રી ફર્નિચર અને હોમ ડેકોર સ્ટોર,ઇન્ટિરીયર ડિઝાઇનર,Dipak Prajapati,+91 9158578659,"શાપર, રાજકોટ, ગુજરાત",3.5
નવકાર કીડ નિયંત્રણ સેવા,એસી રીપેર,Bhavesh Dave,+91 9668285075,"કલાવડ રોડ, રાજકોટ, ગુજરાત",4.5
સંકલ્પ સutar,પેસ્ટ કન્ટ્રોલ સર્વિસ,Jignesh Gandhi,+91 9322416424,"રૈયા રોડ, રાજકોટ, ગુજરાત",3.5
ઓમ બાઈક રીપેર,હોમ પેઇન્ટિંગ સર્વિસ,Ketan Gandhi,+91 9093438627,"ભક્તિનગર, રાજકોટ, ગુજરાત",4.9
નવકાર ફર્નિચર અને હોમ ડેકોર સ્ટોર,લૉન્ડ્રી સર્વિસ,Arvind Gohil,+91 9706511391,"કલાવડ રોડ, રાજકોટ, ગુજરાત",3.1
નવકાર ફર્નિચર અને હોમ ડેકોર સ્ટોર,પ્લમ્બર,Vishal Gandhi,+91 9837278777,"માવડી, રાજકોટ, ગુજરાત",4.8
ઓમ ફર્નિચર અને હોમ ડેકોર સ્ટોર,હોમ પેઇન્ટિંગ સર્વિસ,Sanjay Bhatt,+91 9469534867,"કલાવડ રોડ, રાજકોટ, ગુજરાત",5.0
રાધે ઇલેક્ટ્રોનિક્સ અને મોબાઇલ દુકાન,બાઈક રીપેર,Paresh Mehta,+91 9402112842,"જંક્શન રોડ, રાજકોટ, ગુજરાત",4.5
સિદ્ધિ વિનાયક સ્પા,એસી રીપેર,Hitesh Dave,+91 9748224006,"કોટેચા ચોક, રાજકોટ, ગુજરાત",3.5
સિદ્ધિ વિનાયક ટેટૂ સ્ટુડિયો,ઇલેક્ટ્રિશિયન,Jignesh Chauhan,+91 9074563624,"ભક્તિનગર, રાજકોટ, ગુજરાત",5.0
સિદ્ધિ વિનાયક કપડાં અને ફૂટવેર દુકાન,ગેસર રીપેર,Paresh Chauhan,+91 9351657044,"લીમડા ચોક, રાજકોટ, ગુજરાત",4.0
સિદ્ધિ વિનાયક ઇલેક્ટ્રોનિક્સ અને મોબાઇલ દુકાન,ડ્રાઇવિંગ સ્કૂલ,Jignesh Joshi,+91 9693796863,"કોટેચા ચોક, રાજકોટ, ગુજરાત",3.1
શ્રી ફર્નિચર અને હોમ ડેકોર સ્ટોર,કાર રીપેર,Mahesh Patel,+91 9333282792,"ભક્તિનગર, રાજકોટ, ગુજરાત",4.7
સિદ્ધિ વિનાયક કપડાં અને ફૂટવેર દુકાન,બાઈક રીપેર,Suresh Shah,+91 9884268182,"ગોંડલ રોડ, રાજકોટ, ગુજરાત",3.1
શ્રી પલમ્બર,કાર્પેન્ટર,Rakesh Trivedi,+91 9293701147,"ગોંડલ રોડ, રાજકોટ, ગુજરાત",4.6
ભક્તિ સ્પા,એસી રીપેર,Ketan Gandhi,+91 9948675286,"150 ફૂટ રીંગ રોડ, રાજકોટ, ગુજરાત",3.2
નવકાર પાણી પુરવઠા,મોબાઇલ રીપેર,Hitesh Gohil,+91 9688508499,"રાજપુતપરા, રાજકોટ, ગુજરાત",4.6
મહાલક્ષ્મી પિયરસીંગ સ્ટુડિયો,કંપ્યુટર રીપેર,Mahesh Joshi,+91 9823611248,"કલાવડ રોડ, રાજકોટ, ગુજરાત",4.7
પૂજા પાણી પુરવઠા,મોબાઇલ રીપેર,Jignesh Trivedi,+91 9090586939,"ભક્તિનગર, રાજકોટ, ગુજરાત",3.6
પૂજા પિયરસીંગ સ્ટુડિયો,ડ્રાઇવિંગ સ્કૂલ,Hitesh Gandhi,+91 9157543778,"ભક્તિનગર, રાજકોટ, ગુજરાત",5.0
નવકાર ઈલેક્ટ્રીશિયન,બાઈક રીપેર,Mahesh Chauhan,+91 9347836820,"150 ફૂટ રીંગ રોડ, રાજકોટ, ગુજરાત",3.1
ભક્તિ સ્ટેશનરી શોપ,ડ્રાઇવિંગ સ્કૂલ,Paresh Gohil,+91 9695235986,"લીમડા ચોક, રાજકોટ, ગુજરાત",4.5
જય કપડાં અને ફૂટવેર દુકાન,મોબાઇલ રીપેર,Mahesh Patel,+91 9069731939,"જંક્શન રોડ, રાજકોટ, ગુજરાત",4.5
સંકલ્પ પિયરસીંગ સ્ટુડિયો,ફ્રિજ રીપેર,Jignesh Chauhan,+91 9469852101,"રાજપુતપરા, રાજકોટ, ગુજરાત",5.0
ઓમ બાઈક રીપેર,બાઈક રીપેર,Rakesh Mehta,+91 9264954880,"કલાવડ રોડ, રાજકોટ, ગુજરાત",3.3
ઓમ પિયરસીંગ સ્ટુડિયો,મોબાઇલ રીપેર,Paresh Joshi,+91 9147438310,"રૈયા રોડ, રાજકોટ, ગુજરાત",3.5
સિદ્ધિ વિનાયક સુપરમાર્કેટ,કાર વોશ,Sanjay Chauhan,+91 9611112072,"કલાવડ રોડ, રાજકોટ, ગુજરાત",3.7
મહાલક્ષ્મી કપડાં અને ફૂટવેર દુકાન,પેસ્ટ કન્ટ્રોલ સર્વિસ,Mahesh Rana,+91 9299145147,"જંક્શન રોડ, રાજકોટ, ગુજરાત",5.0
સિદ્ધિ વિનાયક કોસ્મેટિક અને સ્કિનકેર સ્ટોર,આરઓ રીપેર,Jayesh Joshi,+91 9327713470,"150 ફૂટ રીંગ રોડ, રાજકોટ, ગુજરાત",3.2
જય ઓટો પાર્ટ્સ અને એસેસરીઝ,ડ્રાઇવિંગ સ્કૂલ,Jayesh Rana,+91 9122690135,"ભક્તિનગર, રાજકોટ, ગુજરાત",4.0
ઓમ ઓટો પાર્ટ્સ અને એસેસરીઝ,પ્લમ્બર,Mahesh Bhatt,+91 9242759032,"રૈયા રોડ, રાજકોટ, ગુજરાત",4.9
સંકલ્પ ઈન્ટીરિયર ડિઝાઇનર,કંપ્યુટર રીપેર,Ketan Dave,+91 9841093021,"યાગ્નિક રોડ, રાજકોટ, ગુજરાત",3.9
સિદ્ધિ વિનાયક ઓટો પાર્ટ્સ અને એસેસરીઝ,આરઓ રીપેર,Suresh Dave,+91 9904961521,"માવડી, રાજકોટ, ગુજરાત",3.2
સંકલ્પ કપડાં અને ફૂટવેર દુકાન,કાર રીપેર,Manish Shah,+91 9495959988,"જંક્શન રોડ, રાજકોટ, ગુજરાત",3.6
નવકાર ટેટૂ સ્ટુડિયો,ફ્રિજ રીપેર,Bhavesh Mehta,+91 9415426158,"સાધુ વસવાણી રોડ, રાજકોટ, ગુજરાત",4.9
રાધે ઇલેક્ટ્રોનિક્સ અને મોબાઇલ દુકાન,હોમ ક્લીનિંગ સર્વિસ,Mahesh Desai,+91 9121094839,"શાપર, રાજકોટ, ગુજરાત",4.5
ભક્તિ પલમ્બર,લૉન્ડ્રી સર્વિસ,Rajesh Trivedi,+91 9310405537,"ગોંડલ રોડ, રાજકોટ, ગુજરાત",4.2
ઓમ બુકસ્ટોર,ડ્રાઇવિંગ સ્કૂલ,Sanjay Desai,+91 9793743267,"શાપર, રાજકોટ, ગુજરાત",3.6
નવકાર પિયરસીંગ સ્ટુડિયો,ફ્રિજ રીપેર,Rakesh Rana,+91 9412618374,"શાપર, રાજકોટ, ગુજરાત",3.1
ઓમ પલમ્બર,હોમ ક્લીનિંગ સર્વિસ,Suresh Jadeja,+91 9779978095,"કલાવડ રોડ, રાજકોટ, ગુજરાત",5.0
ઓમ સ્પા,ફ્રિજ રીપેર,Dipak Jadeja,+91 9078373148,"સાધુ વસવાણી રોડ, રાજકોટ, ગુજરાત",4.9
ભક્તિ કીડ નિયંત્રણ સેવા,કાર રીપેર,Jayesh Bhatt,+91 9011447857,"ભક્તિનગર, રાજકોટ, ગુજરાત",4.1
ઓમ કાર વૉશ,કાર વોશ,Ketan Rana,+91 9289717956,"કલાવડ રોડ, રાજકોટ, ગુજરાત",4.4
સિદ્ધિ વિનાયક કીડ નિયંત્રણ સેવા,પ્લમ્બર,Manish Prajapati,+91 9373354134,"ભક્તિનગર, રાજકોટ, ગુજરાત",4.9
શ્રી પાણી પુરવઠા,કંપ્યુટર રીપેર,Mahesh Dave,+91 9246526402,"લીમડા ચોક, રાજકોટ, ગુજરાત",4.2
ઓમ કીડ નિયંત્રણ સેવા,મોબાઇલ રીપેર,Bhavesh Joshi,+91 9054516290,"કલાવડ રોડ, રાજકોટ, ગુજરાત",4.0
ભક્તિ ઈન્ટીરિયર ડિઝાઇનર,બાઈક રીપેર,Arvind Joshi,+91 9429388142,"ભક્તિનગર, રાજકોટ, ગુજરાત",3.1
રાધે સુપરમાર્કેટ,કાર વોશ,Manish Gandhi,+91 9988472260,"કોટેચા ચોક, રાજકોટ, ગુજરાત",4.1
ભક્તિ કિરાણા દુકાન,ફ્રિજ રીપેર,Rajesh Gohil,+91 9127023083,"લીમડા ચોક, રાજકોટ, ગુજરાત",4.4
સંકલ્પ મસાજ સેન્ટર,કંપ્યુટર રીપેર,Bhavesh Chauhan,+91 9995985417,"ગોંડલ રોડ, રાજકોટ, ગુજરાત",4.2
મહાલક્ષ્મી કાર વૉશ,ઇન્ટિરીયર ડિઝાઇનર,Rakesh Makwana,+91 9273849450,"કલાવડ રોડ, રાજકોટ, ગુજરાત",3.9
જય મસાજ સેન્ટર,કાર રીપેર,Manish Rana,+91 9307432563,"શાપર, રાજકોટ, ગુજરાત",4.5
પૂજા કોસ્મેટિક અને સ્કિનકેર સ્ટોર,આરઓ રીપેર,Suresh Chauhan,+91 9810935826,"ભક્તિનગર, રાજકોટ, ગુજરાત",4.7
નવકાર હજામની દુકાન,ફ્રિજ રીપેર,Arvind Gohil,+91 9300403535,"ભક્તિનગર, રાજકોટ, ગુજરાત",4.8
જય ઓટો પાર્ટ્સ અને એસેસરીઝ,લૉન્ડ્રી સર્વિસ,Sanjay Mehta,+91 9198969534,"યાગ્નિક રોડ, રાજકોટ, ગુજરાત",3.5
શ્રી કિરાણા દુકાન,હોમ ક્લીનિંગ સર્વિસ,Mahesh Bhatt,+91 9288970151,"શાપર, રાજકોટ, ગુજરાત",4.6
સંકલ્પ સutar,ફ્રિજ રીપેર,Jignesh Dave,+91 9496505786,"યાગ્નિક રોડ, રાજકોટ, ગુજરાત",3.4
શ્રી સutar,ગેસર રીપેર,Jignesh Gohil,+91 9386810445,"ભક્તિનગર, રાજકોટ, ગુજરાત",3.6
સિદ્ધિ વિનાયક કિરાણા દુકાન,પ્લમ્બર,Rajesh Bhatt,+91 9486002864,"રૈયા રોડ, રાજકોટ, ગુજરાત",3.3
રાધે બુકસ્ટોર,આરઓ રીપેર,Bhavesh Gandhi,+91 9894538945,"માવડી, રાજકોટ, ગુજરાત",4.1
નવકાર ઈલેક્ટ્રીશિયન,સિક્યોરિટી સર્વિસ,Rajesh Joshi,+91 9597934221,"150 ફૂટ રીંગ રોડ, રાજકોટ, ગુજરાત",3.9
ભક્તિ કાર રીપેર,હોમ પેઇન્ટિંગ સર્વિસ,Manish Rana,+91 9394183503,"150 ફૂટ રીંગ રોડ, રાજકોટ, ગુજરાત",4.4
ઓમ મસાજ સેન્ટર,હોમ ક્લીનિંગ સર્વિસ,Rajesh Rana,+91 9351584036,"યાગ્નિક રોડ, રાજકોટ, ગુજરાત",3.0
રાધે પાણી પુરવઠા,એસી રીપેર,Dipak Jadeja,+91 9220344730,"રાજપુતપરા, રાજકોટ, ગુજરાત",3.5
જય હજામની દુકાન,કાર વોશ,Hitesh Bhatt,+91 9006540875,"ગોંડલ રોડ, રાજકોટ, ગુજરાત",4.5
પૂજા હજામની દુકાન,કંપ્યુટર રીપેર,Vishal Patel,+91 9681064545,"માવડી, રાજકોટ, ગુજરાત",3.3
મહાલક્ષ્મી ઇલેક્ટ્રોનિક્સ અને મોબાઇલ દુકાન,સિક્યોરિટી સર્વિસ,Mahesh Bhatt,+91 9384863460,"સાધુ વસવાણી રોડ, રાજકોટ, ગુજરાત",3.2
સિદ્ધિ વિનાયક હજામની દુકાન,સિક્યોરિટી સર્વિસ,Suresh Mehta,+91 9139158372,"રૈયા રોડ, રાજકોટ, ગુજરાત",3.4
મહાલક્ષ્મી કિરાણા દુકાન,સિક્યોરિટી સર્વિસ,Arvind Desai,+91 9022601848,"ભક્તિનગર, રાજકોટ, ગુજરાત",4.5
સંકલ્પ ઓટો પાર્ટ્સ અને એસેસરીઝ,કાર રીપેર,Ketan Gandhi,+91 9339136074,"150 ફૂટ રીંગ રોડ, રાજકોટ, ગુજરાત",4.2
ભક્તિ ડ્રાઇવિંગ શાળા,ફ્રિજ રીપેર,Dipak Gohil,+91 9071353896,"ગોંડલ રોડ, રાજકોટ, ગુજરાત",3.4
જય બુકસ્ટોર,ફ્રિજ રીપેર,Rajesh Shah,+91 9335756593,"રાજપુતપરા, રાજકોટ, ગુજરાત",4.2
સિદ્ધિ વિનાયક મસાજ સેન્ટર,ગેસર રીપેર,Mahesh Mehta,+91 9084307102,"કોટેચા ચોક, રાજકોટ, ગુજરાત",3.9
શ્રી સ્પા,બાઈક રીપેર,Suresh Desai,+91 9749347425,"રૈયા રોડ, રાજકોટ, ગુજરાત",3.6
સિદ્ધિ વિનાયક ઈલેક્ટ્રીશિયન,બાઈક રીપેર,Mahesh Desai,+91 9323771914,"કોટેચા ચોક, રાજકોટ, ગુજરાત",3.1
રાધે બાઈક રીપેર,બાઈક રીપેર,Jayesh Jadeja,+91 9077489017,"જંક્શન રોડ, રાજકોટ, ગુજરાત",4.7
ઓમ જ્વેલરી સ્ટોર,કંપ્યુટર રીપેર,Rajesh Rana,+91 9872384370,"સાધુ વસવાણી રોડ, રાજકોટ, ગુજરાત",4.7
સિદ્ધિ વિનાયક ઓટો પાર્ટ્સ અને એસેસરીઝ,બાઈક રીપેર,Ketan Mehta,+91 9551327931,"ગોંડલ રોડ, રાજકોટ, ગુજરાત",4.3
ભક્તિ ઇલેક્ટ્રોનિક્સ અને મોબાઇલ દુકાન,હોમ ક્લીનિંગ સર્વિસ,Dipak Patel,+91 9580527286,"રૈયા રોડ, રાજકોટ, ગુજરાત",3.4
સિદ્ધિ વિનાયક બુકસ્ટોર,લૉન્ડ્રી સર્વિસ,Suresh Shah,+91 9206052241,"સાધુ વસવાણી રોડ, રાજકોટ, ગુજરાત",4.5
નવકાર પલમ્બર,કાર્પેન્ટર,Paresh Dave,+91 9461333319,"ભક્તિનગર, રાજકોટ, ગુજરાત",4.8
પૂજા કિરાણા દુકાન,કાર વોશ,Ketan Makwana,+91 9487160393,"લીમડા ચોક, રાજકોટ, ગુજરાત",3.1
ઓમ કાર વૉશ,કાર રીપેર,Rajesh Prajapati,+91 9945774257,"કલાવડ રોડ, રાજકોટ, ગુજરાત",3.2
મહાલક્ષ્મી ટેટૂ સ્ટુડિયો,પેસ્ટ કન્ટ્રોલ સર્વિસ,Dipak Trivedi,+91 9585955085,"સાધુ વસવાણી રોડ, રાજકોટ, ગુજરાત",3.7
જય ઘર સફાઈ સેવા,મોબાઇલ રીપેર,Arvind Joshi,+91 9479779584,"ભક્તિનગર, રાજકોટ, ગુજરાત",4.0
શ્રી પિયરસીંગ સ્ટુડિયો,હોમ ક્લીનિંગ સર્વિસ,Sanjay Desai,+91 9986892805,"જંક્શન રોડ, રાજકોટ, ગુજરાત",3.9
ઓમ કોસ્મેટિક અને સ્કિનકેર સ્ટોર,ગેસર રીપેર,Dipak Chauhan,+91 9386029490,"લીમડા ચોક, રાજકોટ, ગુજરાત",4.7
ઓમ સ્પા,કંપ્યુટર રીપેર,Manish Joshi,+91 9760885291,"શાપર, રાજકોટ, ગુજરાત",4.0
ભક્તિ ટેટૂ સ્ટુડિયો,પ્લમ્બર,Rakesh Chauhan,+91 9754289436,"જંક્શન રોડ, રાજકોટ, ગુજરાત",4.8
સિદ્ધિ વિનાયક ઇલેક્ટ્રોનિક્સ અને મોબાઇલ દુકાન,ફ્રિજ રીપેર,Hitesh Joshi,+91 9439748174,"સાધુ વસવાણી રોડ, રાજકોટ, ગુજરાત",4.9
સિદ્ધિ વિનાયક સ્ટેશનરી શોપ,બાઈક રીપેર,Ketan Jadeja,+91 9142540619,"માવડી, રાજકોટ, ગુજરાત",3.5
જય પલમ્બર,બાઈક રીપેર,Paresh Shah,+91 9497635976,"ગોંડલ રોડ, રાજકોટ, ગુજરાત",3.0
શ્રી ઈન્ટીરિયર ડિઝાઇનર,એસી રીપેર,Dipak Bhatt,+91 9757852332,"કલાવડ રોડ, રાજકોટ, ગુજરાત",3.6
રાધે ઘર સફાઈ સેવા,હોમ ક્લીનિંગ સર્વિસ,Jayesh Prajapati,+91 9070061270,"કલાવડ રોડ, રાજકોટ, ગુજરાત",3.6
નવકાર ઈલેક્ટ્રીશિયન,સિક્યોરિટી સર્વિસ,Rajesh Makwana,+91 9536606169,"શાપર, રાજકોટ, ગુજરાત",3.2
મહાલક્ષ્મી ઈન્ટીરિયર ડિઝાઇનર,કાર રીપેર,Manish Desai,+91 9221707118,"લીમડા ચોક, રાજકોટ, ગુજરાત",4.9
સિદ્ધિ વિનાયક કિરાણા દુકાન,લૉન્ડ્રી સર્વિસ,Vishal Prajapati,+91 9566848284,"જંક્શન રોડ, રાજકોટ, ગુજરાત",4.5
શ્રી સutar,બાઈક રીપેર,Hitesh Shah,+91 9064515036,"રૈયા રોડ, રાજકોટ, ગુજરાત",4.9
મહાલક્ષ્મી બુકસ્ટોર,એસી રીપેર,Dipak Makwana,+91 9482312434,"જંક્શન રોડ, રાજકોટ, ગુજરાત",3.8
મહાલક્ષ્મી કાર રીપેર,એસી રીપેર,Suresh Gohil,+91 9464027861,"કલાવડ રોડ, રાજકોટ, ગુજરાત",4.7
ભક્તિ કોસ્મેટિક અને સ્કિનકેર સ્ટોર,એસી રીપેર,Jayesh Bhatt,+91 9094145440,"રાજપુતપરા, રાજકોટ, ગુજરાત",5.0
જય પિયરસીંગ સ્ટુડિયો,બાઈક રીપેર,Arvind Desai,+91 9667961133,"લીમડા ચોક, રાજકોટ, ગુજરાત",4.0
પૂજા કિરાણા દુકાન,ફ્રિજ રીપેર,Rajesh Dave,+91 9169276952,"સાધુ વસવાણી રોડ, રાજકોટ, ગુજરાત",4.2
નવકાર પાણી પુરવઠા,હોમ પેઇન્ટિંગ સર્વિસ,Dipak Bhatt,+91 9355471756,"કોટેચા ચોક, રાજકોટ, ગુજરાત",4.8
ભક્તિ પલમ્બર,ફ્રિજ રીપેર,Vishal Desai,+91 9240425763,"માવડી, રાજકોટ, ગુજરાત",4.3
ઓમ કપડાં અને ફૂટવેર દુકાન,કાર રીપેર,Rajesh Dave,+91 9061565902,"સાધુ વસવાણી રોડ, રાજકોટ, ગુજરાત",3.6
રાધે હજામની દુકાન,કાર્પેન્ટર,Ketan Chauhan,+91 9279539844,"ગોંડલ રોડ, રાજકોટ, ગુજરાત",4.0
જય સutar,સિક્યોરિટી સર્વિસ,Suresh Mehta,+91 9896881953,"ભક્તિનગર, રાજકોટ, ગુજરાત",4.0
જય ઈલેક્ટ્રીશિયન,કાર રીપેર,Vishal Rana,+91 9097946464,"રાજપુતપરા, રાજકોટ, ગુજરાત",3.4
ભક્તિ હજામની દુકાન,ગેસર રીપેર,Mahesh Makwana,+91 9485229408,"સાધુ વસવાણી રોડ, રાજકોટ, ગુજરાત",4.4
સિદ્ધિ વિનાયક પિયરસીંગ સ્ટુડિયો,એસી રીપેર,Sanjay Shah,+91 9904005044,"ગોંડલ રોડ, રાજકોટ, ગુજરાત",4.3
રાધે ઓટો પાર્ટ્સ અને એસેસરીઝ,પેસ્ટ કન્ટ્રોલ સર્વિસ,Jignesh Bhatt,+91 9626388568,"રાજપુતપરા, રાજકોટ, ગુજરાત",4.5
ભક્તિ બુકસ્ટોર,ગેસર રીપેર,Sanjay Dave,+91 9692943977,"શાપર, રાજકોટ, ગુજરાત",4.8
ઓમ કોસ્મેટિક અને સ્કિનકેર સ્ટોર,ડ્રાઇવિંગ સ્કૂલ,Dipak Dave,+91 9788675198,"લીમડા ચોક, રાજકોટ, ગુજરાત",4.4
પૂજા કિરાણા દુકાન,ઇલેક્ટ્રિશિયન,Mahesh Chauhan,+91 9123553589,"શાપર, રાજકોટ, ગુજરાત",4.8
શ્રી ડ્રાઇવિંગ શાળા,મોબાઇલ રીપેર,Jignesh Joshi,+91 9276578527,"રાજપુતપરા, રાજકોટ, ગુજરાત",4.2
જય ઘર સફાઈ સેવા,મોબાઇલ રીપેર,Rajesh Desai,+91 9001978038,"કોટેચા ચોક, રાજકોટ, ગુજરાત",4.5
નવકાર પલમ્બર,ઇલેક્ટ્રિશિયન,Rakesh Trivedi,+91 9949344105,"150 ફૂટ રીંગ રોડ, રાજકોટ, ગુજરાત",4.0
સંકલ્પ સ્પા,પેસ્ટ કન્ટ્રોલ સર્વિસ,Paresh Gohil,+91 9403508381,"ભક્તિનગર, રાજકોટ, ગુજરાત",3.1
નવકાર ફર્નિચર અને હોમ ડેકોર સ્ટોર,ઇલેક્ટ્રિશિયન,Rakesh Chauhan,+91 9000279123,"શાપર, રાજકોટ, ગુજરાત",3.7
સિદ્ધિ વિનાયક ઓટો પાર્ટ્સ અને એસેસરીઝ,એસી રીપેર,Suresh Desai,+91 9919603279,"ગોંડલ રોડ, રાજકોટ, ગુજરાત",3.3
રાધે ઘર સફાઈ સેવા,કાર વોશ,Mahesh Rana,+91 9428209446,"યાગ્નિક રોડ, રાજકોટ, ગુજરાત",3.6
જય હજામની દુકાન,ઇન્ટિરીયર ડિઝાઇનર,Bhavesh Shah,+91 9363165055,"યાગ્નિક રોડ, રાજકોટ, ગુજરાત",4.8
જય ઇલેક્ટ્રોનિક્સ અને મોબાઇલ દુકાન,કાર રીપેર,Suresh Dave,+91 9870297596,"કલાવડ રોડ, રાજકોટ, ગુજરાત",3.4
સંકલ્પ ફર્નિચર અને હોમ ડેકોર સ્ટોર,આરઓ રીપેર,Jignesh Rana,+91 9140138446,"સાધુ વસવાણી રોડ, રાજકોટ, ગુજરાત",4.3
શ્રી કપડાં અને ફૂટવેર દુકાન,આરઓ રીપેર,Dipak Gohil,+91 9709698387,"રાજપુતપરા, રાજકોટ, ગુજરાત",5.0
સિદ્ધિ વિનાયક ઇલેક્ટ્રોનિક્સ અને મોબાઇલ દુકાન,પ્લમ્બર,Jignesh Makwana,+91 9596297199,"માવડી, રાજકોટ, ગુજરાત",4.1
શ્રી પલમ્બર,પ્લમ્બર,Paresh Bhatt,+91 9181961700,"કલાવડ રોડ, રાજકોટ, ગુજરાત",4.6
સંકલ્પ કોસ્મેટિક અને સ્કિનકેર સ્ટોર,ઇલેક્ટ્રિશિયન,Arvind Gandhi,+91 9852719695,"કોટેચા ચોક, રાજકોટ, ગુજરાત",4.9
નવકાર કાર રીપેર,કાર વોશ,Bhavesh Prajapati,+91 9283635796,"યાગ્નિક રોડ, રાજકોટ, ગુજરાત",4.0
પૂજા બુકસ્ટોર,ડ્રાઇવિંગ સ્કૂલ,Ketan Chauhan,+91 9370177965,"150 ફૂટ રીંગ રોડ, રાજકોટ, ગુજરાત",4.1
મહાલક્ષ્મી કિરાણા દુકાન,કંપ્યુટર રીપેર,Rajesh Rana,+91 9810111189,"150 ફૂટ રીંગ રોડ, રાજકોટ, ગુજરાત",3.5
મહાલક્ષ્મી પલમ્બર,ફ્રિજ રીપેર,Jignesh Joshi,+91 9938103032,"150 ફૂટ રીંગ રોડ, રાજકોટ, ગુજરાત",4.1
શ્રી ઘર સફાઈ સેવા,ફ્રિજ રીપેર,Manish Joshi,+91 9378388568,"ભક્તિનગર, રાજકોટ, ગુજરાત",3.3
પૂજા જ્વેલરી સ્ટોર,ફ્રિજ રીપેર,Rajesh Chauhan,+91 9585130295,"સાધુ વસવાણી રોડ, રાજકોટ, ગુજરાત",4.9
મહાલક્ષ્મી જ્વેલરી સ્ટોર,પેસ્ટ કન્ટ્રોલ સર્વિસ,Rajesh Gohil,+91 9327865448,"શાપર, રાજકોટ, ગુજરાત",3.1
સંકલ્પ પાણી પુરવઠા,કાર રીપેર,Jayesh Shah,+91 9798641418,"કોટેચા ચોક, રાજકોટ, ગુજરાત",4.9
જય પિયરસીંગ સ્ટુડિયો,બાઈક રીપેર,Manish Dave,+91 9981528511,"કોટેચા ચોક, રાજકોટ, ગુજરાત",3.2
જય ઓટો પાર્ટ્સ અને એસેસરીઝ,આરઓ રીપેર,Bhavesh Jadeja,+91 9638891867,"યાગ્નિક રોડ, રાજકોટ, ગુજરાત",4.5
સિદ્ધિ વિનાયક સેલૂન,કાર્પેન્ટર,Arvind Makwana,+91 9249948064,"યાગ્નિક રોડ, રાજકોટ, ગુજરાત",4.8
ભક્તિ મસાજ સેન્ટર,હોમ પેઇન્ટિંગ સર્વિસ,Arvind Chauhan,+91 9472219069,"કોટેચા ચોક, રાજકોટ, ગુજરાત",3.1
જય ઈલેક્ટ્રીશિયન,હોમ ક્લીનિંગ સર્વિસ,Rajesh Patel,+91 9040290085,"ગોંડલ રોડ, રાજકોટ, ગુજરાત",4.0
ભક્તિ કાર રીપેર,ઇલેક્ટ્રિશિયન,Dipak Mehta,+91 9855472083,"શાપર, રાજકોટ, ગુજરાત",3.0
રાધે પલમ્બર,આરઓ રીપેર,Vishal Joshi,+91 9501746133,"ગોંડલ રોડ, રાજકોટ, ગુજરાત",4.7
સંકલ્પ પાણી પુરવઠા,કાર રીપેર,Ketan Bhatt,+91 9058309835,"કલાવડ રોડ, રાજકોટ, ગુજરાત",3.2
સંકલ્પ સ્પા,સિક્યોરિટી સર્વિસ,Arvind Trivedi,+91 9964242339,"માવડી, રાજકોટ, ગુજરાત",3.4
નવકાર ઈલેક્ટ્રીશિયન,ઇન્ટિરીયર ડિઝાઇનર,Bhavesh Rana,+91 9274235611,"ભક્તિનગર, રાજકોટ, ગુજરાત",3.1
મહાલક્ષ્મી પિયરસીંગ સ્ટુડિયો,ડ્રાઇવિંગ સ્કૂલ,Rakesh Jadeja,+91 9424869326,"ભક્તિનગર, રાજકોટ, ગુજરાત",4.9
સંકલ્પ ટેટૂ સ્ટુડિયો,બાઈક રીપેર,Manish Jadeja,+91 9323562596,"માવડી, રાજકોટ, ગુજરાત",4.0
નવકાર સ્ટેશનરી શોપ,ઇન્ટિરીયર ડિઝાઇનર,Manish Mehta,+91 9197126630,"150 ફૂટ રીંગ રોડ, રાજકોટ, ગુજરાત",4.6
ભક્તિ હજામની દુકાન,પેસ્ટ કન્ટ્રોલ સર્વિસ,Jignesh Trivedi,+91 9953991246,"રાજપુતપરા, રાજકોટ, ગુજરાત",4.9
રાધે જ્વેલરી સ્ટોર,કાર રીપેર,Mahesh Joshi,+91 9694679934,"કોટેચા ચોક, રાજકોટ, ગુજરાત",3.4
શ્રી સ્ટેશનરી શોપ,ગેસર રીપેર,Mahesh Chauhan,+91 9632305366,"માવડી, રાજકોટ, ગુજરાત",3.5
સિદ્ધિ વિનાયક સેલૂન,બાઈક રીપેર,Arvind Desai,+91 9785904849,"ગોંડલ રોડ, રાજકોટ, ગુજરાત",3.7
મહાલક્ષ્મી કિરાણા દુકાન,પેસ્ટ કન્ટ્રોલ સર્વિસ,Suresh Jadeja,+91 9902987966,"શાપર, રાજકોટ, ગુજરાત",3.5
મહાલક્ષ્મી પલમ્બર,હોમ ક્લીનિંગ સર્વિસ,Bhavesh Jadeja,+91 9587933670,"કોટેચા ચોક, રાજકોટ, ગુજરાત",3.8
પૂજા બુકસ્ટોર,બાઈક રીપેર,Manish Jadeja,+91 9163043073,"કોટેચા ચોક, રાજકોટ, ગુજરાત",4.4
જય ઈન્ટીરિયર ડિઝાઇનર,બાઈક રીપેર,Ketan Gohil,+91 9111765076,"ભક્તિનગર, રાજકોટ, ગુજરાત",4.5
સંકલ્પ ઘર સફાઈ સેવા,બાઈક રીપેર,Hitesh Gandhi,+91 9964815750,"ભક્તિનગર, રાજકોટ, ગુજરાત",3.4
શ્રી ફર્નિચર અને હોમ ડેકોર સ્ટોર,ઇન્ટિરીયર ડિઝાઇનર,Arvind Mehta,+91 9601750163,"કોટેચા ચોક, રાજકોટ, ગુજરાત",3.3
ઓમ બાઈક રીપેર,ઇલેક્ટ્રિશિયન,Jignesh Makwana,+91 9618368841,"યાગ્નિક રોડ, રાજકોટ, ગુજરાત",3.5
પૂજા સ્પા,ઇલેક્ટ્રિશિયન,Suresh Chauhan,+91 9368157151,"ગોંડલ રોડ, રાજકોટ, ગુજરાત",3.4
જય હજામની દુકાન,મોબાઇલ રીપેર,Hitesh Patel,+91 9624008753,"ભક્તિનગર, રાજકોટ, ગુજરાત",3.9
જય ડ્રાઇવિંગ શાળા,મોબાઇલ રીપેર,Paresh Desai,+91 9727888395,"કલાવડ રોડ, રાજકોટ, ગુજરાત",4.0
રાધે સutar,પેસ્ટ કન્ટ્રોલ સર્વિસ,Mahesh Chauhan,+91 9217278473,"ભક્તિનગર, રાજકોટ, ગુજરાત",4.4
જય ડ્રાઇવિંગ શાળા,કાર વોશ,Manish Desai,+91 9920081055,"રૈયા રોડ, રાજકોટ, ગુજરાત",4.2
સિદ્ધિ વિનાયક ઘર સફાઈ સેવા,મોબાઇલ રીપેર,Dipak Gandhi,+91 9676002751,"રૈયા રોડ, રાજકોટ, ગુજરાત",3.5
જય સેલૂન,હોમ ક્લીનિંગ સર્વિસ,Vishal Bhatt,+91 9620534345,"150 ફૂટ રીંગ રોડ, રાજકોટ, ગુજરાત",4.5
ઓમ સુપરમાર્કેટ,બાઈક રીપેર,Ketan Bhatt,+91 9782465983,"લીમડા ચોક, રાજકોટ, ગુજરાત",4.9
ઓમ ઘર સફાઈ સેવા,કાર વોશ,Hitesh Dave,+91 9120094246,"યાગ્નિક રોડ, રાજકોટ, ગુજરાત",4.0
સિદ્ધિ વિનાયક પાણી પુરવઠા,પેસ્ટ કન્ટ્રોલ સર્વિસ,Jayesh Prajapati,+91 9057565708,"રાજપુતપરા, રાજકોટ, ગુજરાત",4.6
પૂજા કિરાણા દુકાન,ઇન્ટિરીયર ડિઝાઇનર,Jignesh Gohil,+91 9501320569,"રાજપુતપરા, રાજકોટ, ગુજરાત",4.8
સંકલ્પ ઈલેક્ટ્રીશિયન,લૉન્ડ્રી સર્વિસ,Vishal Bhatt,+91 9386011904,"ભક્તિનગર, રાજકોટ, ગુજરાત",3.2
રાધે બુકસ્ટોર,મોબાઇલ રીપેર,Sanjay Gandhi,+91 9261454789,"રૈયા રોડ, રાજકોટ, ગુજરાત",4.8
ઓમ ઘર સફાઈ સેવા,આરઓ રીપેર,Rajesh Trivedi,+91 9677448678,"ગોંડલ રોડ, રાજકોટ, ગુજરાત",3.9
શ્રી સુપરમાર્કેટ,કાર વોશ,Arvind Bhatt,+91 9859024519,"લીમડા ચોક, રાજકોટ, ગુજરાત",3.6
જય કપડાં અને ફૂટવેર દુકાન,લૉન્ડ્રી સર્વિસ,Jayesh Dave,+91 9337737592,"રૈયા રોડ, રાજકોટ, ગુજરાત",4.3
જય જ્વેલરી સ્ટોર,ફ્રિજ રીપેર,Vishal Prajapati,+91 9233879620,"યાગ્નિક રોડ, રાજકોટ, ગુજરાત",4.6
રાધે કાર રીપેર,પ્લમ્બર,Vishal Bhatt,+91 9903322596,"સાધુ વસવાણી રોડ, રાજકોટ, ગુજરાત",3.4
ભક્તિ પિયરસીંગ સ્ટુડિયો,કાર વોશ,Mahesh Chauhan,+91 9131936096,"150 ફૂટ રીંગ રોડ, રાજકોટ, ગુજરાત",3.4
પૂજા ડ્રાઇવિંગ શાળા,મોબાઇલ રીપેર,Bhavesh Dave,+91 9675408286,"ભક્તિનગર, રાજકોટ, ગુજરાત",3.4
શ્રી ઈલેક્ટ્રીશિયન,હોમ પેઇન્ટિંગ સર્વિસ,Sanjay Chauhan,+91 9315543026,"રૈયા રોડ, રાજકોટ, ગુજરાત",4.8
સિદ્ધિ વિનાયક ફર્નિચર અને હોમ ડેકોર સ્ટોર,હોમ પેઇન્ટિંગ સર્વિસ,Hitesh Rana,+91 9220067366,"શાપર, રાજકોટ, ગુજરાત",3.6
સંકલ્પ ઘર સફાઈ સેવા,કાર રીપેર,Rajesh Gandhi,+91 9725631639,"જંક્શન રોડ, રાજકોટ, ગુજરાત",4.7
શ્રી બાઈક રીપેર,કાર્પેન્ટર,Bhavesh Desai,+91 9841975183,"રૈયા રોડ, રાજકોટ, ગુજરાત",4.4
પૂજા કીડ નિયંત્રણ સેવા,ડ્રાઇવિંગ સ્કૂલ,Dipak Rana,+91 9798173926,"ગોંડલ રોડ, રાજકોટ, ગુજરાત",4.1
પૂજા સુપરમાર્કેટ,હોમ ક્લીનિંગ સર્વિસ,Bhavesh Bhatt,+91 9204899342,"શાપર, રાજકોટ, ગુજરાત",3.2
જય ટેટૂ સ્ટુડિયો,ઇલેક્ટ્રિશિયન,Jignesh Gohil,+91 9014174054,"કોટેચા ચોક, રાજકોટ, ગુજરાત",3.0
સંકલ્પ ઘર સફાઈ સેવા,ડ્રાઇવિંગ સ્કૂલ,Suresh Jadeja,+91 9162129614,"કોટેચા ચોક, રાજકોટ, ગુજરાત",4.0
પૂજા કોસ્મેટિક અને સ્કિનકેર સ્ટોર,મોબાઇલ રીપેર,Manish Desai,+91 9473782257,"રાજપુતપરા, રાજકોટ, ગુજરાત",3.8
પૂજા સutar,બાઈક રીપેર,Ketan Chauhan,+91 9842017068,"લીમડા ચોક, રાજકોટ, ગુજરાત",3.2
ભક્તિ ટેટૂ સ્ટુડિયો,ફ્રિજ રીપેર,Paresh Desai,+91 9756979855,"લીમડા ચોક, રાજકોટ, ગુજરાત",4.7
જય ઈલેક્ટ્રીશિયન,બાઈક રીપેર,Vishal Dave,+91 9539414153,"ભક્તિનગર, રાજકોટ, ગુજરાત",4.1
સિદ્ધિ વિનાયક કાર વૉશ,કંપ્યુટર રીપેર,Jignesh Shah,+91 9737057515,"શાપર, રાજકોટ, ગુજરાત",4.5
રાધે જ્વેલરી સ્ટોર,ગેસર રીપેર,Bhavesh Chauhan,+91 9029736249,"ભક્તિનગર, રાજકોટ, ગુજરાત",3.7
શ્રી પાણી પુરવઠા,કાર્પેન્ટર,Rajesh Makwana,+91 9617932320,"કોટેચા ચોક, રાજકોટ, ગુજરાત",4.4
ઓમ પિયરસીંગ સ્ટુડિયો,ફ્રિજ રીપેર,Mahesh Rana,+91 9496037922,"શાપર, રાજકોટ, ગુજરાત",3.4
સિદ્ધિ વિનાયક કાર વૉશ,ફ્રિજ રીપેર,Mahesh Prajapati,+91 9577449662,"કલાવડ રોડ, રાજકોટ, ગુજરાત",3.8
જય મસાજ સેન્ટર,ઇલેક્ટ્રિશિયન,Rajesh Desai,+91 9749879270,"કોટેચા ચોક, રાજકોટ, ગુજરાત",3.7
નવકાર ફર્નિચર અને હોમ ડેકોર સ્ટોર,કાર વોશ,Arvind Shah,+91 9893357215,"માવડી, રાજકોટ, ગુજરાત",3.2
ભક્તિ ઘર સફાઈ સેવા,લૉન્ડ્રી સર્વિસ,Ketan Shah,+91 9211180764,"સાધુ વસવાણી રોડ, રાજકોટ, ગુજરાત",3.2
જય ઓટો પાર્ટ્સ અને એસેસરીઝ,સિક્યોરિટી સર્વિસ,Suresh Dave,+91 9785582982,"રાજપુતપરા, રાજકોટ, ગુજરાત",4.8
જય ટેટૂ સ્ટુડિયો,સિક્યોરિટી સર્વિસ,Dipak Mehta,+91 9450067166,"ગોંડલ રોડ, રાજકોટ, ગુજરાત",4.6
નવકાર ટેટૂ સ્ટુડિયો,કાર રીપેર,Dipak Gandhi,+91 9237453074,"માવડી, રાજકોટ, ગુજરાત",5.0
જય કોસ્મેટિક અને સ્કિનકેર સ્ટોર,કાર્પેન્ટર,Jayesh Prajapati,+91 9009399039,"ભક્તિનગર, રાજકોટ, ગુજરાત",3.8
જય ઈલેક્ટ્રીશિયન,હોમ ક્લીનિંગ સર્વિસ,Paresh Joshi,+91 9638622641,"સાધુ વસવાણી રોડ, રાજકોટ, ગુજરાત",3.0
ઓમ બાઈક રીપેર,કંપ્યુટર રીપેર,Dipak Patel,+91 9657041494,"રૈયા રોડ, રાજકોટ, ગુજરાત",4.3
ભક્તિ ઇલેક્ટ્રોનિક્સ અને મોબાઇલ દુકાન,કંપ્યુટર રીપેર,Jayesh Prajapati,+91 9021231404,"ભક્તિનગર, રાજકોટ, ગુજરાત",3.9
ભક્તિ સેલૂન,આરઓ રીપેર,Dipak Desai,+91 9097022104,"ગોંડલ રોડ, રાજકોટ, ગુજરાત",3.3
શ્રી કાર રીપેર,કાર રીપેર,Arvind Joshi,+91 9385862975,"લીમડા ચોક, રાજકોટ, ગુજરાત",3.7
સિદ્ધિ વિનાયક ઇલેક્ટ્રોનિક્સ અને મોબાઇલ દુકાન,કંપ્યુટર રીપેર,Jignesh Jadeja,+91 9939173179,"લીમડા ચોક, રાજકોટ, ગુજરાત",4.5
સંકલ્પ સુપરમાર્કેટ,બાઈક રીપેર,Rajesh Rana,+91 9649630771,"લીમડા ચોક, રાજકોટ, ગુજરાત",4.1
રાધે ઈલેક્ટ્રીશિયન,ડ્રાઇવિંગ સ્કૂલ,Rajesh Gandhi,+91 9187800500,"કલાવડ રોડ, રાજકોટ, ગુજરાત",3.9
ઓમ કાર રીપેર,બાઈક રીપેર,Bhavesh Patel,+91 9000664566,"માવડી, રાજકોટ, ગુજરાત",4.7
રાધે સેલૂન,ઇન્ટિરીયર ડિઝાઇનર,Jayesh Dave,+91 9415093564,"ભક્તિનગર, રાજકોટ, ગુજરાત",3.3
મહાલક્ષ્મી ઇલેક્ટ્રોનિક્સ અને મોબાઇલ દુકાન,બાઈક રીપેર,Ketan Joshi,+91 9034137633,"ગોંડલ રોડ, રાજકોટ, ગુજરાત",4.1
નવકાર મસાજ સેન્ટર,એસી રીપેર,Rajesh Joshi,+91 9068767106,"યાગ્નિક રોડ, રાજકોટ, ગુજરાત",3.3
ઓમ ડ્રાઇવિંગ શાળા,ઇલેક્ટ્રિશિયન,Arvind Dave,+91 9922677505,"ગોંડલ રોડ, રાજકોટ, ગુજરાત",3.1
સંકલ્પ જ્વેલરી સ્ટોર,આરઓ રીપેર,Bhavesh Gohil,+91 9004178447,"શાપર, રાજકોટ, ગુજરાત",4.4
શ્રી હજામની દુકાન,મોબાઇલ રીપેર,Bhavesh Rana,+91 9391727806,"કલાવડ રોડ, રાજકોટ, ગુજરાત",4.3
જય કોસ્મેટિક અને સ્કિનકેર સ્ટોર,આરઓ રીપેર,Mahesh Prajapati,+91 9152916149,"યાગ્નિક રોડ, રાજકોટ, ગુજરાત",4.1
રાધે કિરાણા દુકાન,ડ્રાઇવિંગ સ્કૂલ,Arvind Trivedi,+91 9873789066,"સાધુ વસવાણી રોડ, રાજકોટ, ગુજરાત",4.9
સંકલ્પ બાઈક રીપેર,ગેસર રીપેર,Mahesh Rana,+91 9530133992,"ભક્તિનગર, રાજકોટ, ગુજરાત",4.8
જય ઓટો પાર્ટ્સ અને એસેસરીઝ,મોબાઇલ રીપેર,Dipak Gohil,+91 9615549429,"રૈયા રોડ, રાજકોટ, ગુજરાત",5.0
નવકાર જ્વેલરી સ્ટોર,ગેસર રીપેર,Paresh Chauhan,+91 9158963994,"રૈયા રોડ, રાજકોટ, ગુજરાત",3.3
મહાલક્ષ્મી પિયરસીંગ સ્ટુડિયો,ઇલેક્ટ્રિશિયન,Sanjay Desai,+91 9304400123,"લીમડા ચોક, રાજકોટ, ગુજરાત",3.1
ભક્તિ ઘર સફાઈ સેવા,લૉન્ડ્રી સર્વિસ,Rakesh Gohil,+91 9603764720,"કલાવડ રોડ, રાજકોટ, ગુજરાત",3.1
નવકાર કોસ્મેટિક અને સ્કિનકેર સ્ટોર,ફ્રિજ રીપેર,Mahesh Makwana,+91 9307169532,"150 ફૂટ રીંગ રોડ, રાજકોટ, ગુજરાત",4.3
શ્રી પિયરસીંગ સ્ટુડિયો,ઇન્ટિરીયર ડિઝાઇનર,Bhavesh Chauhan,+91 9383743022,"જંક્શન રોડ, રાજકોટ, ગુજરાત",3.4
સંકલ્પ ઘર સફાઈ સેવા,ઇન્ટિરીયર ડિઝાઇનર,Paresh Rana,+91 9168840189,"સાધુ વસવાણી રોડ, રાજકોટ, ગુજરાત",4.8
જય પિયરસીંગ સ્ટુડિયો,કાર વોશ,Ketan Chauhan,+91 9619333639,"શાપર, રાજકોટ, ગુજરાત",4.4
ઓમ કીડ નિયંત્રણ સેવા,કંપ્યુટર રીપેર,Hitesh Rana,+91 9925412493,"જંક્શન રોડ, રાજકોટ, ગુજરાત",4.2
જય ઓટો પાર્ટ્સ અને એસેસરીઝ,કાર્પેન્ટર,Bhavesh Dave,+91 9151138793,"ગોંડલ રોડ, રાજકોટ, ગુજરાત",3.2
શ્રી હજામની દુકાન,કાર રીપેર,Sanjay Makwana,+91 9142140721,"જંક્શન રોડ, રાજકોટ, ગુજરાત",4.3
ઓમ ઓટો પાર્ટ્સ અને એસેસરીઝ,ફ્રિજ રીપેર,Dipak Desai,+91 9367853210,"શાપર, રાજકોટ, ગુજરાત",3.1
મહાલક્ષ્મી કપડાં અને ફૂટવેર દુકાન,કાર રીપેર,Bhavesh Gandhi,+91 9452323162,"સાધુ વસવાણી રોડ, રાજકોટ, ગુજરાત",4.5
રાધે કોસ્મેટિક અને સ્કિનકેર સ્ટોર,બાઈક રીપેર,Jignesh Prajapati,+91 9962690606,"150 ફૂટ રીંગ રોડ, રાજકોટ, ગુજરાત",4.6
સિદ્ધિ વિનાયક જ્વેલરી સ્ટોર,મોબાઇલ રીપેર,Arvind Trivedi,+91 9453076945,"ગોંડલ રોડ, રાજકોટ, ગુજરાત",3.9
શ્રી ઘર સફાઈ સેવા,ઇન્ટિરીયર ડિઝાઇનર,Hitesh Desai,+91 9447416578,"સાધુ વસવાણી રોડ, રાજકોટ, ગુજરાત",4.7
સિદ્ધિ વિનાયક કોસ્મેટિક અને સ્કિનકેર સ્ટોર,સિક્યોરિટી સર્વિસ,Bhavesh Patel,+91 9383551694,"માવડી, રાજકોટ, ગુજરાત",4.6
નવકાર ઓટો પાર્ટ્સ અને એસેસરીઝ,ગેસર રીપેર,Hitesh Gandhi,+91 9491603820,"રાજપુતપરા, રાજકોટ, ગુજરાત",4.7
પૂજા કાર વૉશ,આરઓ રીપેર,Ketan Patel,+91 9316660790,"ભક્તિનગર, રાજકોટ, ગુજરાત",3.5
શ્રી ફર્નિચર અને હોમ ડેકોર સ્ટોર,સિક્યોરિટી સર્વિસ,Mahesh Dave,+91 9159185470,"લીમડા ચોક, રાજકોટ, ગુજરાત",4.8
ઓમ જ્વેલરી સ્ટોર,હોમ ક્લીનિંગ સર્વિસ,Bhavesh Rana,+91 9967199156,"સાધુ વસવાણી રોડ, રાજકોટ, ગુજરાત",3.4
શ્રી ઈન્ટીરિયર ડિઝાઇનર,કાર્પેન્ટર,Sanjay Rana,+91 9173288356,"જંક્શન રોડ, રાજકોટ, ગુજરાત",4.4
સિદ્ધિ વિનાયક પલમ્બર,કાર્પેન્ટર,Jayesh Prajapati,+91 9578295210,"150 ફૂટ રીંગ રોડ, રાજકોટ, ગુજરાત",4.1
જય ડ્રાઇવિંગ શાળા,બાઈક રીપેર,Sanjay Shah,+91 9982691243,"કલાવડ રોડ, રાજકોટ, ગુજરાત",4.5
પૂજા ઓટો પાર્ટ્સ અને એસેસરીઝ,કાર રીપેર,Jignesh Desai,+91 9571725471,"યાગ્નિક રોડ, રાજકોટ, ગુજરાત",4.9
સંકલ્પ બુકસ્ટોર,સિક્યોરિટી સર્વિસ,Hitesh Prajapati,+91 9609089839,"રાજપુતપરા, રાજકોટ, ગુજરાત",4.0
પૂજા સutar,ડ્રાઇવિંગ સ્કૂલ,Manish Mehta,+91 9053854769,"જંક્શન રોડ, રાજકોટ, ગુજરાત",3.0
ઓમ બાઈક રીપેર,એસી રીપેર,Mahesh Patel,+91 9229602845,"રૈયા રોડ, રાજકોટ, ગુજરાત",3.7
સંકલ્પ મસાજ સેન્ટર,ઇલેક્ટ્રિશિયન,Ketan Prajapati,+91 9442562189,"સાધુ વસવાણી રોડ, રાજકોટ, ગુજરાત",4.4
ભક્તિ કાર રીપેર,કાર રીપેર,Sanjay Prajapati,+91 9949347218,"150 ફૂટ રીંગ રોડ, રાજકોટ, ગુજરાત",4.2
પૂજા સ્ટેશનરી શોપ,એસી રીપેર,Sanjay Dave,+91 9055645149,"લીમડા ચોક, રાજકોટ, ગુજરાત",3.2
જય જ્વેલરી સ્ટોર,મોબાઇલ રીપેર,Hitesh Makwana,+91 9139021711,"લીમડા ચોક, રાજકોટ, ગુજરાત",3.5
સિદ્ધિ વિનાયક હજામની દુકાન,કાર રીપેર,Mahesh Rana,+91 9677050883,"સાધુ વસવાણી રોડ, રાજકોટ, ગુજરાત",3.2
સિદ્ધિ વિનાયક ટેટૂ સ્ટુડિયો,ડ્રાઇવિંગ સ્કૂલ,Mahesh Rana,+91 9541195615,"રૈયા રોડ, રાજકોટ, ગુજરાત",3.4
પૂજા ઇલેક્ટ્રોનિક્સ અને મોબાઇલ દુકાન,ગેસર રીપેર,Arvind Gandhi,+91 9423568910,"જંક્શન રોડ, રાજકોટ, ગુજરાત",3.7
રાધે કીડ નિયંત્રણ સેવા,કાર રીપેર,Rajesh Rana,+91 9508643388,"ભક્તિનગર, રાજકોટ, ગુજરાત",3.0
મહાલક્ષ્મી કપડાં અને ફૂટવેર દુકાન,ડ્રાઇવિંગ સ્કૂલ,Rajesh Joshi,+91 9088547270,"જંક્શન રોડ, રાજકોટ, ગુજરાત",3.5
શ્રી ઈન્ટીરિયર ડિઝાઇનર,કાર રીપેર,Rakesh Patel,+91 9609818377,"રાજપુતપરા, રાજકોટ, ગુજરાત",3.0
જય કિરાણા દુકાન,ઇન્ટિરીયર ડિઝાઇનર,Paresh Shah,+91 9877517284,"ગોંડલ રોડ, રાજકોટ, ગુજરાત",4.4
સંકલ્પ કોસ્મેટિક અને સ્કિનકેર સ્ટોર,સિક્યોરિટી સર્વિસ,Dipak Jadeja,+91 9799497857,"ભક્તિનગર, રાજકોટ, ગુજરાત",3.4
મહાલક્ષ્મી સુપરમાર્કેટ,ઇલેક્ટ્રિશિયન,Vishal Desai,+91 9164176685,"કોટેચા ચોક, રાજકોટ, ગુજરાત",3.7
શ્રી કાર વૉશ,ઇન્ટિરીયર ડિઝાઇનર,Bhavesh Chauhan,+91 9521034395,"ભક્તિનગર, રાજકોટ, ગુજરાત",5.0
રાધે કોસ્મેટિક અને સ્કિનકેર સ્ટોર,મોબાઇલ રીપેર,Ketan Prajapati,+91 9960273221,"યાગ્નિક રોડ, રાજકોટ, ગુજરાત",4.6
શ્રી ઇલેક્ટ્રોનિક્સ અને મોબાઇલ દુકાન,એસી રીપેર,Mahesh Desai,+91 9764846312,"કોટેચા ચોક, રાજકોટ, ગુજરાત",3.2
ભક્તિ સ્પા,મોબાઇલ રીપેર,Arvind Gohil,+91 9929730123,"રૈયા રોડ, રાજકોટ, ગુજરાત",4.5
નવકાર કિરાણા દુકાન,કાર રીપેર,Rakesh Desai,+91 9758373622,"રાજપુતપરા, રાજકોટ, ગુજરાત",4.1
રાધે બુકસ્ટોર,સિક્યોરિટી સર્વિસ,Dipak Bhatt,+91 9170372519,"કોટેચા ચોક, રાજકોટ, ગુજરાત",3.5
શ્રી સુપરમાર્કેટ,સિક્યોરિટી સર્વિસ,Rakesh Mehta,+91 9687447297,"કલાવડ રોડ, રાજકોટ, ગુજરાત",4.7
જય બુકસ્ટોર,આરઓ રીપેર,Paresh Shah,+91 9737418641,"કલાવડ રોડ, રાજકોટ, ગુજરાત",4.1
પૂજા સ્પા,બાઈક રીપેર,Mahesh Trivedi,+91 9025778026,"લીમડા ચોક, રાજકોટ, ગુજરાત",4.1
પૂજા સ્પા,ગેસર રીપેર,Mahesh Shah,+91 9956080703,"કલાવડ રોડ, રાજકોટ, ગુજરાત",4.8
રાધે સેલૂન,ફ્રિજ રીપેર,Ketan Prajapati,+91 9772112609,"જંક્શન રોડ, રાજકોટ, ગુજરાત",3.7
સિદ્ધિ વિનાયક બુકસ્ટોર,એસી રીપેર,Suresh Bhatt,+91 9446726485,"કલાવડ રોડ, રાજકોટ, ગુજરાત",4.9
નવકાર કાર વૉશ,મોબાઇલ રીપેર,Vishal Joshi,+91 9233170997,"ભક્તિનગર, રાજકોટ, ગુજરાત",3.6
મહાલક્ષ્મી પલમ્બર,કંપ્યુટર રીપેર,Rajesh Rana,+91 9403963503,"જંક્શન રોડ, રાજકોટ, ગુજરાત",3.2
નવકાર કીડ નિયંત્રણ સેવા,સિક્યોરિટી સર્વિસ,Paresh Gandhi,+91 9173091152,"કોટેચા ચોક, રાજકોટ, ગુજરાત",4.3
સિદ્ધિ વિનાયક હજામની દુકાન,હોમ પેઇન્ટિંગ સર્વિસ,Jignesh Makwana,+91 9820668858,"કલાવડ રોડ, રાજકોટ, ગુજરાત",3.1
નવકાર ઈલેક્ટ્રીશિયન,હોમ પેઇન્ટિંગ સર્વિસ,Rajesh Joshi,+91 9094367965,"લીમડા ચોક, રાજકોટ, ગુજરાત",3.2
રાધે સ્પા,કંપ્યુટર રીપેર,Rakesh Jadeja,+91 9159705184,"જંક્શન રોડ, રાજકોટ, ગુજરાત",3.4
શ્રી કપડાં અને ફૂટવેર દુકાન,કાર રીપેર,Dipak Bhatt,+91 9681150155,"ગોંડલ રોડ, રાજકોટ, ગુજરાત",3.9
ભક્તિ સ્ટેશનરી શોપ,હોમ ક્લીનિંગ સર્વિસ,Manish Joshi,+91 9777145448,"લીમડા ચોક, રાજકોટ, ગુજરાત",3.2
પૂજા કીડ નિયંત્રણ સેવા,બાઈક રીપેર,Jayesh Gandhi,+91 9024575774,"ભક્તિનગર, રાજકોટ, ગુજરાત",4.5
જય જ્વેલરી સ્ટોર,મોબાઇલ રીપેર,Rajesh Bhatt,+91 9123320744,"શાપર, રાજકોટ, ગુજરાત",4.3
મહાલક્ષ્મી પાણી પુરવઠા,કાર રીપેર,Paresh Trivedi,+91 9486273770,"કોટેચા ચોક, રાજકોટ, ગુજરાત",4.8
જય ટેટૂ સ્ટુડિયો,લૉન્ડ્રી સર્વિસ,Arvind Trivedi,+91 9085365556,"સાધુ વસવાણી રોડ, રાજકોટ, ગુજરાત",4.6
નવકાર પલમ્બર,હોમ ક્લીનિંગ સર્વિસ,Ketan Gohil,+91 9642244696,"ભક્તિનગર, રાજકોટ, ગુજરાત",3.6
જય કોસ્મેટિક અને સ્કિનકેર સ્ટોર,પેસ્ટ કન્ટ્રોલ સર્વિસ,Rakesh Bhatt,+91 9670685792,"રાજપુતપરા, રાજકોટ, ગુજરાત",4.4
પૂજા કાર વૉશ,સિક્યોરિટી સર્વિસ,Dipak Rana,+91 9369619849,"રૈયા રોડ, રાજકોટ, ગુજરાત",5.0
ઓમ કાર વૉશ,મોબાઇલ રીપેર,Rakesh Dave,+91 9557843063,"150 ફૂટ રીંગ રોડ, રાજકોટ, ગુજરાત",3.3
સંકલ્પ કાર રીપેર,આરઓ રીપેર,Vishal Gandhi,+91 9129780636,"કોટેચા ચોક, રાજકોટ, ગુજરાત",3.3
સિદ્ધિ વિનાયક સુપરમાર્કેટ,ફ્રિજ રીપેર,Ketan Patel,+91 9494871575,"ભક્તિનગર, રાજકોટ, ગુજરાત",4.4
ઓમ ઓટો પાર્ટ્સ અને એસેસરીઝ,બાઈક રીપેર,Suresh Dave,+91 9092503797,"સાધુ વસવાણી રોડ, રાજકોટ, ગુજરાત",3.0
ઓમ કીડ નિયંત્રણ સેવા,બાઈક રીપેર,Arvind Mehta,+91 9586943438,"ગોંડલ રોડ, રાજકોટ, ગુજરાત",4.1
રાધે ડ્રાઇવિંગ શાળા,આરઓ રીપેર,Rakesh Trivedi,+91 9983512825,"કલાવડ રોડ, રાજકોટ, ગુજરાત",3.3
મહાલક્ષ્મી ફર્નિચર અને હોમ ડેકોર સ્ટોર,પ્લમ્બર,Ketan Prajapati,+91 9691675973,"ગોંડલ રોડ, રાજકોટ, ગુજરાત",3.8
સંકલ્પ હજામની દુકાન,કાર વોશ,Jayesh Gohil,+91 9963962466,"કલાવડ રોડ, રાજકોટ, ગુજરાત",4.8
જય સેલૂન,પેસ્ટ કન્ટ્રોલ સર્વિસ,Rajesh Gandhi,+91 9268566923,"લીમડા ચોક, રાજકોટ, ગુજરાત",4.8
રાધે બાઈક રીપેર,પેસ્ટ કન્ટ્રોલ સર્વિસ,Paresh Prajapati,+91 9408891689,"કલાવડ રોડ, રાજકોટ, ગુજરાત",3.1
ભક્તિ જ્વેલરી સ્ટોર,પેસ્ટ કન્ટ્રોલ સર્વિસ,Jayesh Desai,+91 9091219768,"લીમડા ચોક, રાજકોટ, ગુજરાત",3.3
રાધે સutar,કાર્પેન્ટર,Rakesh Jadeja,+91 9354719780,"150 ફૂટ રીંગ રોડ, રાજકોટ, ગુજરાત",4.2
સંકલ્પ ઓટો પાર્ટ્સ અને એસેસરીઝ,લૉન્ડ્રી સર્વિસ,Arvind Gandhi,+91 9264067221,"સાધુ વસવાણી રોડ, રાજકોટ, ગુજરાત",4.8
નવકાર ઈલેક્ટ્રીશિયન,બાઈક રીપેર,Manish Trivedi,+91 9758906532,"શાપર, રાજકોટ, ગુજરાત",4.0
મહાલક્ષ્મી ઘર સફાઈ સેવા,આરઓ રીપેર,Rajesh Mehta,+91 9743702216,"રાજપુતપરા, રાજકોટ, ગુજરાત",4.8
નવકાર ઈલેક્ટ્રીશિયન,સિક્યોરિટી સર્વિસ,Jignesh Trivedi,+91 9908285589,"કલાવડ રોડ, રાજકોટ, ગુજરાત",4.2
નવકાર ઈલેક્ટ્રીશિયન,કાર વોશ,Jignesh Gohil,+91 9139476888,"માવડી, રાજકોટ, ગુજરાત",3.4
મહાલક્ષ્મી કિરાણા દુકાન,લૉન્ડ્રી સર્વિસ,Rajesh Joshi,+91 9096994631,"માવડી, રાજકોટ, ગુજરાત",3.5
ભક્તિ કપડાં અને ફૂટવેર દુકાન,આરઓ રીપેર,Suresh Mehta,+91 9311870549,"જંક્શન રોડ, રાજકોટ, ગુજરાત",4.2
નવકાર ઘર સફાઈ સેવા,કાર વોશ,Rajesh Mehta,+91 9313472207,"માવડી, રાજકોટ, ગુજરાત",4.9
ભક્તિ ઇલેક્ટ્રોનિક્સ અને મોબાઇલ દુકાન,પેસ્ટ કન્ટ્રોલ સર્વિસ,Hitesh Patel,+91 9368883075,"લીમડા ચોક, રાજકોટ, ગુજરાત",3.8
મહાલક્ષ્મી સutar,બાઈક રીપેર,Sanjay Shah,+91 9957969540,"કોટેચા ચોક, રાજકોટ, ગુજરાત",5.0
પૂજા પલમ્બર,કાર રીપેર,Jayesh Trivedi,+91 9186257925,"જંક્શન રોડ, રાજકોટ, ગુજરાત",4.9
સંકલ્પ પિયરસીંગ સ્ટુડિયો,બાઈક રીપેર,Jayesh Prajapati,+91 9313323972,"કોટેચા ચોક, રાજકોટ, ગુજરાત",3.5
સંકલ્પ પાણી પુરવઠા,મોબાઇલ રીપેર,Mahesh Jadeja,+91 9385925609,"શાપર, રાજકોટ, ગુજરાત",4.6
જય કોસ્મેટિક અને સ્કિનકેર સ્ટોર,કાર રીપેર,Suresh Bhatt,+91 9564687185,"યાગ્નિક રોડ, રાજકોટ, ગુજરાત",3.9
પૂજા કાર રીપેર,પેસ્ટ કન્ટ્રોલ સર્વિસ,Dipak Prajapati,+91 9957780512,"150 ફૂટ રીંગ રોડ, રાજકોટ, ગુજરાત",4.6
શ્રી બાઈક રીપેર,ઇન્ટિરીયર ડિઝાઇનર,Jignesh Shah,+91 9186283498,"કોટેચા ચોક, રાજકોટ, ગુજરાત",4.0
સંકલ્પ ઇલેક્ટ્રોનિક્સ અને મોબાઇલ દુકાન,ડ્રાઇવિંગ સ્કૂલ,Vishal Prajapati,+91 9486873401,"કોટેચા ચોક, રાજકોટ, ગુજરાત",4.0
સંકલ્પ ફર્નિચર અને હોમ ડેકોર સ્ટોર,ડ્રાઇવિંગ સ્કૂલ,Manish Jadeja,+91 9505715399,"150 ફૂટ રીંગ રોડ, રાજકોટ, ગુજરાત",4.4
